property_type,sector,bedRoom,bathroom,built_up_area,study room,servant room,store room
0.0,40.0,3.0,2,850.0,0,0,0
0.0,101.0,2.0,2,1226.0,1,1,0
0.0,111.0,2.0,2,1000.0,0,0,0
0.0,105.0,3.0,4,1615.0,0,1,0
0.0,4.0,2.0,2,582.0,0,0,1
0.0,1.0,4.0,4,4842.0,0,1,0
0.0,10.0,3.0,3,2116.0,0,1,0
0.0,4.0,3.0,4,1710.0,0,1,0
1.0,7.0,3.0,2,1185.51,0,0,0
1.0,31.0,3.0,3,1350.0,1,1,0
1.0,11.0,3.0,2,2360.0,0,0,0
0.0,33.0,2.0,2,1222.0,0,0,0
0.0,11.0,3.0,4,2339.0,0,1,0
0.0,73.0,4.0,4,2194.0,1,1,0
1.0,18.0,2.0,4,846.0,0,0,0
0.0,105.0,3.0,4,1805.0,0,1,0
0.0,97.0,2.0,2,1638.0,0,0,1
0.0,81.0,2.0,2,1400.0,0,0,0
0.0,97.0,3.0,4,2179.0,0,0,1
0.0,37.0,2.0,2,734.0,0,0,0
0.0,9.0,2.0,2,1236.0,0,0,0
0.0,34.0,2.0,2,1307.0,0,0,0
0.0,25.0,1.0,1,665.0,0,0,0
1.0,49.0,8.0,5,3240.0,0,1,1
1.0,49.0,7.0,7,2475.0,1,1,1
0.0,33.0,4.0,2,1382.0,0,0,0
1.0,47.0,1.0,1,450.0,0,0,0
1.0,11.0,4.0,4,5400.0,0,1,0
0.0,70.0,2.0,2,1676.0,0,0,0
1.0,55.0,6.0,6,2880.0,1,1,1
0.0,92.0,2.0,2,1361.0,0,0,0
0.0,73.0,3.0,3,2267.0,0,1,0
0.0,74.0,3.0,3,2125.0,0,1,1
1.0,101.0,2.0,2,1297.0,0,0,0
0.0,98.0,3.0,3,1780.0,0,1,0
1.0,54.0,4.0,4,2160.0,0,1,1
1.0,11.0,5.0,6,2430.0,0,1,0
0.0,58.0,4.0,4,2300.0,0,0,0
0.0,43.0,3.0,3,1563.0,1,0,0
0.0,15.0,2.0,2,773.0,0,0,0
0.0,75.0,3.0,3,2047.0,0,1,0
1.0,33.0,4.0,3,1800.0,0,0,0
0.0,15.0,3.0,4,2200.0,0,1,0
0.0,17.0,3.0,3,2460.0,0,1,0
1.0,19.0,3.333333333333333,6,115.0,0,0,0
0.0,69.0,3.0,2,1534.0,0,0,0
0.0,17.0,3.0,3,2014.0,0,0,0
0.0,78.0,3.0,3,1709.0,0,0,0
0.0,101.0,3.0,2,1423.0,0,0,0
0.0,76.0,3.0,4,1941.0,1,0,1
0.0,44.0,2.0,2,625.0,0,0,0
0.0,93.0,2.0,2,1176.0,0,0,0
0.0,60.0,3.0,3,2617.0,0,0,0
0.0,85.0,2.0,2,1300.0,0,0,1
0.0,44.0,3.0,3,1639.0,0,0,0
0.0,10.0,3.0,4,1771.32,1,0,0
0.0,59.0,1.0,1,513.0,0,0,0
0.0,18.0,2.0,2,737.0,0,0,0
1.0,50.0,4.0,4,2430.0,0,1,1
0.0,97.0,2.0,2,1485.0,0,0,0
0.0,41.0,2.0,2,856.0,0,0,0
0.0,101.0,1.0,1,430.0,0,0,0
1.0,47.0,3.0,2,783.0,0,0,0
0.0,25.0,1.0,1,723.0,0,0,0
0.0,81.0,3.0,4,1706.0,0,0,0
1.0,20.0,5.0,4,2250.0,0,0,0
0.0,75.0,3.0,4,2134.0,0,1,0
0.0,92.0,3.0,3,1617.0,1,1,0
1.0,30.0,2.25,9,1961.0,1,0,1
0.0,107.0,2.0,2,610.0,0,0,0
0.0,4.0,1.0,1,750.0,0,0,0
1.0,63.0,4.0,4,1449.0,1,1,0
0.0,11.0,3.0,4,1797.0,0,1,0
1.0,49.0,3.0,3,1400.0,0,1,0
1.0,34.0,7.0,2,1980.0,0,0,0
0.0,98.0,3.0,3,1719.0,0,0,0
0.0,54.0,4.0,4,3831.0,1,1,1
0.0,95.0,2.0,2,1630.0,0,0,0
0.0,9.0,3.0,2,850.0,0,0,0
0.0,6.0,3.0,2,1120.0,0,0,0
0.0,99.0,2.0,2,1611.0,1,0,0
0.0,111.0,3.0,3,1509.0,0,0,0
0.0,97.0,3.0,3,1402.0,0,0,0
1.0,7.0,2.0,2,100.0,0,0,0
0.0,95.0,3.0,3,1350.0,1,1,1
0.0,78.0,3.0,3,1428.0,0,0,0
0.0,4.0,2.0,2,1286.0,0,0,0
1.0,62.0,4.0,4,1500.0,0,0,0
1.0,57.0,5.0,7,3240.0,1,1,0
0.0,96.0,2.0,2,537.0,0,0,1
0.0,96.0,2.0,2,549.0,0,0,0
1.0,47.0,3.0,4,990.0,0,0,0
0.0,111.0,2.0,2,521.0,0,0,0
0.0,104.0,4.0,3,2107.0,1,1,1
0.0,55.0,3.0,3,1604.25,0,0,0
0.0,54.0,3.0,3,2395.0,0,0,0
0.0,111.0,2.0,2,1175.97,1,0,0
0.0,78.0,3.0,3,1419.0,0,0,0
1.0,86.0,2.0,2,745.0,0,0,0
0.0,94.0,3.0,3,1668.0,0,0,0
0.0,88.0,2.0,2,1224.0,0,0,0
0.0,107.0,2.0,2,610.0,0,0,0
0.0,2.0,3.0,3,2556.0,0,0,0
0.0,106.0,4.0,4,2105.0,0,0,0
0.0,79.0,2.0,2,1000.0,0,0,0
0.0,82.0,2.0,2,1084.0,0,0,0
1.0,30.0,5.0,5,9500.0,0,1,0
0.0,63.0,3.0,3,2251.0,0,1,0
0.0,14.0,3.0,3,1550.0,0,0,0
0.0,75.0,3.0,4,2490.0,0,1,0
0.0,9.0,3.0,2,750.0,0,0,0
0.0,78.0,3.0,3,1381.0,0,0,0
0.0,17.0,4.0,4,2060.0,1,0,0
0.0,6.0,1.0,2,334.0,0,0,0
0.0,39.0,2.0,2,1539.0,0,0,0
0.0,17.0,2.0,2,1310.0,0,0,0
1.0,47.0,3.0,3,2250.0,0,0,0
0.0,99.0,3.0,2,663.0,0,0,0
0.0,49.0,4.0,4,2900.0,0,0,0
0.0,4.0,4.0,4,4630.0,0,0,0
0.0,55.0,3.0,3,2444.0,0,0,0
0.0,69.0,3.0,3,1778.0,0,0,0
0.0,93.0,2.0,2,1026.0,1,0,0
0.0,43.0,3.0,3,1890.0,0,1,0
0.0,80.0,3.0,3,1457.0,0,0,0
1.0,6.0,3.0,5,920.0,0,0,0
0.0,80.0,3.0,5,1950.0,0,0,0
0.0,5.0,4.0,4,2602.0,1,1,1
1.0,93.0,3.0,3,2160.0,0,1,0
1.0,33.0,2.0,2,864.0,0,0,0
0.0,101.0,3.0,3,1179.0,0,0,0
1.0,11.0,4.0,4,5400.0,0,1,0
0.0,44.0,2.0,2,543.0,0,0,0
0.0,111.0,3.0,2,1014.0,0,0,0
0.0,9.0,2.0,2,1281.0,1,0,0
0.0,74.0,3.0,4,2150.0,0,1,0
0.0,103.0,4.0,4,2000.0,0,0,0
0.0,50.0,3.0,2,1674.0,1,0,0
1.0,45.0,6.0,6,1836.0,1,1,0
1.0,34.0,2.0,2,810.0,0,0,0
0.0,44.0,4.0,4,2091.0,0,0,0
0.0,103.0,2.0,2,1050.0,1,0,0
0.0,73.0,3.0,4,2803.0,0,1,0
0.0,103.0,4.0,4,2005.0,0,0,0
1.0,58.0,6.0,3,900.0,0,0,0
1.0,39.0,5.0,6,4125.0,1,1,0
0.0,4.0,2.0,2,1238.0,0,0,0
0.0,89.0,3.0,3,1815.0,0,0,0
0.0,95.0,2.0,2,1300.0,0,0,0
0.0,20.0,3.0,4,1956.0,0,0,0
0.0,98.0,3.0,3,1550.0,0,0,0
1.0,5.0,4.0,4,3222.0,1,1,1
0.0,78.0,3.0,3,1419.0,0,0,0
0.0,82.0,3.0,4,1631.0,0,1,0
0.0,94.0,3.0,3,1668.0,0,0,0
0.0,99.0,3.0,3,1652.0,0,0,0
0.0,92.0,3.0,3,1750.0,0,1,0
0.0,103.0,4.0,4,2139.0,0,1,0
0.0,103.0,3.0,3,1581.0,0,0,0
0.0,103.0,3.0,3,1437.0,0,1,0
0.0,25.0,2.0,2,1281.0,0,0,0
0.0,10.0,2.0,3,1161.0,0,0,0
0.0,69.0,3.0,3,1402.0,0,0,0
0.0,63.0,3.0,3,1810.0,0,1,0
0.0,89.0,2.0,2,1172.0,0,0,0
0.0,17.0,3.0,3,1429.0,0,0,0
0.0,6.0,4.0,4,3064.0,0,1,0
1.0,16.0,4.0,4,6350.0,0,1,0
0.0,27.0,4.0,6,2778.0,0,1,0
0.0,10.0,2.0,2,1167.0,0,1,0
0.0,4.0,2.0,2,828.0,0,0,0
0.0,105.0,3.0,4,1475.0,0,0,0
1.0,31.0,3.0,3,2430.0,0,0,0
0.0,103.0,3.0,3,2144.0,0,1,0
0.0,80.0,3.0,5,1527.0,0,1,0
1.0,19.0,2.5,7,1300.0,0,0,0
0.0,96.0,2.0,2,1222.0,1,0,0
0.0,97.0,2.0,2,1660.0,0,0,0
0.0,105.0,3.0,4,1778.0,1,0,0
0.0,55.0,3.0,3,2178.0,0,0,0
0.0,75.0,4.0,4,3160.0,0,1,0
1.0,39.0,5.0,5,4770.0,1,1,1
0.0,9.0,2.0,2,577.0,0,0,0
0.0,2.0,4.0,4,2233.0,0,0,0
0.0,59.0,5.0,7,5778.0,0,1,0
0.0,86.0,3.0,3,1513.0,0,0,0
0.0,96.0,3.0,3,1650.0,1,0,0
0.0,39.0,3.0,3,588.0,0,0,0
0.0,107.0,2.0,2,809.0,1,0,0
0.0,1.0,2.0,2,1130.0,0,0,0
0.0,4.0,3.0,4,1757.0,0,1,0
0.0,111.0,2.0,2,661.0,0,0,0
0.0,2.0,3.0,3,1900.0,0,1,0
0.0,80.0,3.0,3,2167.0,1,0,0
0.0,66.0,3.0,3,2550.0,0,0,0
0.0,4.0,3.0,3,1315.0,0,1,0
0.0,11.0,3.0,3,1466.0,0,0,1
0.0,107.0,2.0,2,758.0,0,0,0
0.0,98.0,2.0,2,557.0,1,1,0
0.0,109.0,2.0,2,611.0,0,0,0
0.0,107.0,3.0,2,761.0,0,0,0
0.0,63.0,4.0,4,2000.0,0,1,0
0.0,105.0,4.0,4,1584.0,0,0,1
0.0,98.0,3.0,4,1715.0,0,1,0
1.0,18.0,3.0,3,567.0,0,0,0
0.0,73.0,4.0,4,1975.0,1,1,0
0.0,110.0,3.0,3,1438.0,0,0,0
0.0,104.0,3.0,3,1700.0,0,0,0
0.0,73.0,3.0,3,3043.0,1,0,0
0.0,92.0,2.0,2,955.0,0,0,0
0.0,92.0,4.0,5,3070.0,1,1,0
0.0,105.0,3.0,3,711.0,0,0,0
0.0,78.0,4.0,5,2200.0,0,1,0
0.0,65.0,4.0,5,3182.0,1,1,0
0.0,87.0,3.0,3,1600.0,0,1,0
0.0,109.0,3.0,5,1790.0,0,1,0
0.0,92.0,3.0,4,1900.0,0,1,0
0.0,111.0,1.0,1,438.0,0,0,0
0.0,107.0,2.0,2,507.0,0,0,0
1.0,3.0,4.0,3,1284.0,0,0,0
0.0,25.0,2.0,2,1573.0,0,0,0
0.0,11.0,3.0,3,2519.0,0,1,0
0.0,14.0,4.0,4,3350.0,0,0,0
0.0,111.0,2.0,2,789.0,0,0,0
0.0,94.0,1.0,1,650.0,0,0,0
0.0,103.0,3.0,3,1747.0,0,1,0
0.0,95.0,3.0,3,1570.0,0,0,0
1.0,64.0,5.0,4,1548.0,0,0,1
0.0,82.0,3.0,3,1466.0,1,0,0
0.0,4.0,3.0,3,1465.0,0,0,0
0.0,73.0,3.0,3,3245.0,0,1,0
0.0,73.0,3.0,3,1650.0,1,1,0
0.0,39.0,3.0,3,2218.0,0,1,0
0.0,8.0,4.0,6,2131.0,0,1,0
0.0,110.0,3.0,3,1403.0,0,0,0
0.0,11.0,3.0,4,1860.0,0,1,0
0.0,54.0,3.0,3,1611.0,0,0,0
1.0,30.0,5.0,5,6400.0,1,1,0
0.0,7.0,3.0,2,833.0,0,0,0
0.0,69.0,3.0,3,1630.0,0,0,0
0.0,11.0,3.0,4,2339.0,0,1,0
0.0,73.0,4.0,3,3150.0,0,1,0
1.0,55.0,2.0,6,1467.0,0,0,0
0.0,17.0,4.0,4,2886.0,1,1,0
0.0,39.0,3.0,3,1619.0,0,0,0
0.0,94.0,3.0,3,1677.0,0,0,0
0.0,0.0,3.0,3,1267.0,0,0,0
0.0,103.0,3.0,3,1578.0,0,0,0
0.0,73.0,2.0,2,1433.0,1,0,0
1.0,102.0,2.0,3,900.0,0,0,0
0.0,50.0,3.0,3,2450.0,0,1,0
0.0,73.0,4.0,4,1975.0,1,1,0
0.0,71.0,4.0,4,3950.0,0,0,0
0.0,25.0,3.0,4,1738.0,0,1,0
1.0,86.0,4.0,4,3111.0,0,0,0
0.0,69.0,3.0,3,1721.0,0,0,0
0.0,4.0,3.0,3,1315.0,0,1,0
0.0,8.0,3.0,4,1345.0,0,1,0
0.0,20.0,4.0,4,3250.0,0,0,0
0.0,107.0,2.0,2,670.0,1,0,0
1.0,64.0,6.0,6,3450.0,1,1,1
0.0,11.0,3.0,2,1701.0,0,0,0
0.0,9.0,2.0,2,1281.0,1,0,0
1.0,63.0,8.0,8,3240.0,1,1,0
0.0,80.0,3.0,4,1923.0,1,1,0
1.0,54.0,3.0,6,2592.0,0,1,0
0.0,78.0,3.0,3,1392.0,0,0,0
1.0,78.0,1.0,1,763.0,0,0,0
0.0,101.0,2.0,2,998.0,1,0,0
0.0,59.0,3.0,3,2127.0,0,1,0
0.0,88.0,2.0,2,1239.0,0,0,0
0.0,109.0,3.0,3,1997.0,0,0,0
0.0,111.0,2.0,1,828.0,0,0,0
0.0,44.0,2.0,2,610.0,0,0,0
0.0,73.0,2.0,2,1433.0,0,0,0
0.0,109.0,3.0,5,1737.0,0,1,0
0.0,16.0,4.0,5,3655.35,0,1,0
0.0,101.0,2.0,2,1233.0,1,0,0
0.0,89.0,2.0,2,1700.0,1,0,0
0.0,101.0,2.0,2,998.0,1,0,0
1.0,64.0,2.0,8,1458.0,0,0,1
0.0,105.0,3.0,3,1574.0,0,0,0
0.0,44.0,3.0,3,1535.0,0,0,0
1.0,11.0,7.0,5,4500.0,1,1,0
0.0,44.0,3.0,3,1725.0,0,0,0
0.0,14.0,2.0,1,1000.0,0,0,0
0.0,4.0,2.0,2,1009.0,0,0,1
1.0,33.0,10.0,10,8056.0,0,0,0
0.0,60.0,3.0,4,2500.0,0,1,0
0.0,6.0,4.0,5,2991.0,1,1,1
0.0,60.0,3.0,4,2661.0,0,1,0
1.0,36.0,1.0,1,1000.0,0,0,0
0.0,105.0,3.0,3,1304.0,0,0,0
0.0,78.0,2.0,2,1100.0,0,0,0
1.0,79.0,1.0,1,758.0,0,0,0
1.0,48.0,9.0,9,2367.0,0,1,1
0.0,88.0,3.0,4,1668.0,0,1,0
0.0,74.0,3.0,4,1800.0,0,1,0
0.0,73.0,3.0,3,1828.0,0,0,0
0.0,103.0,4.0,4,2005.0,0,1,0
0.0,95.0,3.0,3,1549.0,0,1,0
0.0,69.0,2.0,2,1389.0,0,0,0
0.0,60.0,4.0,5,3000.0,1,1,0
1.0,31.0,4.0,4,4518.0,0,0,0
0.0,39.0,2.0,2,1533.0,0,0,0
1.0,36.0,6.0,1,3000.0,0,0,0
0.0,105.0,3.0,2,1325.0,0,0,0
0.0,4.0,3.0,3,1456.0,0,0,1
1.0,111.0,3.0,2,1120.0,0,0,0
1.0,18.0,9.0,9,9000.0,0,0,0
1.0,20.0,4.0,4,3150.0,0,0,0
0.0,105.0,4.0,4,2518.0,0,1,0
0.0,8.0,3.0,3,1650.0,0,1,0
0.0,102.0,4.0,3,2000.0,0,0,0
0.0,111.0,2.0,2,520.0,0,0,0
1.0,28.0,5.0,5,1450.0,0,0,0
0.0,85.0,3.0,3,2018.0,0,0,1
0.0,105.0,3.0,3,1572.0,0,0,0
1.0,67.0,6.0,4,240.0,0,0,0
1.0,60.0,5.0,5,2250.0,1,0,0
1.0,34.0,4.0,2,1170.0,0,0,0
0.0,111.0,2.0,2,500.0,0,0,0
1.0,33.0,4.0,4,3240.0,0,0,0
0.0,6.0,2.0,2,1611.0,1,0,0
1.0,83.0,5.0,5,3653.0,0,1,0
0.0,109.0,2.0,2,606.0,0,0,0
0.0,74.0,4.0,4,2700.0,1,1,0
0.0,53.0,2.0,2,1108.0,0,0,0
1.0,57.0,3.0,3,2259.0,0,1,0
1.0,45.0,3.0,9,1494.0,0,0,0
0.0,44.0,2.0,2,1100.0,0,0,0
0.0,11.0,3.0,3,2303.0,0,1,0
0.0,87.0,3.0,3,1900.0,0,1,0
0.0,50.0,3.0,3,195.0,0,0,0
0.0,6.0,3.0,3,2544.0,0,1,0
0.0,96.0,4.0,4,3222.0,0,1,0
1.0,51.0,5.0,4,3240.0,0,1,0
0.0,80.0,2.0,2,991.0,0,0,0
0.0,82.0,1.0,1,683.0,0,0,0
0.0,39.0,4.0,4,2000.0,0,1,0
1.0,36.0,4.0,3,1070.0,0,0,0
0.0,107.0,2.0,2,637.0,0,0,0
0.0,95.0,5.0,7,3200.0,0,1,0
0.0,5.0,1.0,1,400.0,0,0,0
0.0,73.0,3.0,3,1829.0,0,0,0
0.0,96.0,3.0,3,1833.0,0,1,0
0.0,92.0,2.0,2,700.0,0,0,0
1.0,39.0,2.0,2,1210.0,1,0,0
1.0,20.0,6.0,6,3150.0,0,0,0
0.0,77.0,2.0,2,1150.0,0,0,0
0.0,78.0,3.0,3,1392.0,0,0,0
0.0,17.0,4.0,4,2553.0,1,1,0
0.0,54.0,3.0,3,1600.0,0,0,0
1.0,50.0,3.0,3,1935.0,0,0,0
0.0,71.0,4.0,4,3950.0,0,0,0
0.0,10.0,2.0,2,1235.0,0,0,0
0.0,96.0,4.0,4,2998.0,0,1,0
0.0,96.0,3.0,3,1652.0,0,0,0
0.0,4.0,2.0,2,1145.0,0,0,0
0.0,44.0,3.0,3,1711.0,0,0,0
1.0,34.0,5.0,3,1755.0,0,0,0
0.0,105.0,3.0,3,1473.0,0,0,0
0.0,30.0,4.0,4,2333.0,0,1,0
0.0,111.0,2.0,2,1222.0,1,0,0
0.0,83.0,3.0,3,2986.0,0,1,0
0.0,92.0,3.0,4,1900.0,0,1,0
1.0,13.0,5.0,4,2025.0,0,0,0
0.0,80.0,3.0,3,1765.0,0,1,0
0.0,43.0,3.0,5,1400.0,0,1,0
1.0,63.0,2.0,2,1458.0,0,0,0
0.0,96.0,2.0,2,1086.0,0,0,0
0.0,93.0,2.0,2,1176.0,0,0,0
0.0,107.0,2.0,2,974.0,1,0,0
1.0,20.0,5.0,5,2500.0,0,0,0
1.0,25.0,3.0,7,1215.0,0,0,0
0.0,107.0,2.0,2,695.0,0,0,0
0.0,105.0,3.0,3,1068.0,0,0,0
1.0,27.0,7.0,5,2367.0,0,0,0
1.0,11.0,4.0,4,2430.0,1,1,1
0.0,68.0,2.0,2,1350.0,0,0,0
0.0,98.0,3.0,3,1700.0,0,0,0
1.0,30.0,4.0,4,1800.0,1,1,1
0.0,74.0,2.0,2,1072.0,0,0,0
0.0,10.0,3.0,3,1711.0,0,0,0
1.0,33.0,5.0,6,5000.0,0,0,0
0.0,105.0,4.0,4,2267.0,0,0,0
0.0,27.0,3.0,3,1860.0,0,0,0
0.0,40.0,3.0,2,1122.0,0,0,0
1.0,54.0,7.0,7,2403.0,1,1,1
0.0,46.0,4.0,3,2611.0,0,1,0
0.0,87.0,2.0,2,1214.0,0,0,0
0.0,68.0,2.0,3,1250.0,0,1,0
1.0,31.0,5.0,5,3240.0,1,1,1
0.0,111.0,2.0,2,1043.0,0,0,0
0.0,80.0,4.0,4,2667.0,0,1,0
0.0,97.0,2.0,2,1630.0,0,0,1
1.0,30.0,3.0,2,1350.0,1,0,0
0.0,73.0,3.0,3,1600.0,1,1,0
0.0,95.0,2.0,2,850.0,1,0,0
0.0,96.0,2.0,2,1394.0,1,0,0
1.0,83.0,5.0,5,3653.0,0,0,0
0.0,104.0,4.0,4,2468.0,1,1,0
0.0,80.0,3.0,5,1527.0,0,1,0
0.0,110.0,3.0,3,1722.0,0,0,0
0.0,10.0,4.0,4,2631.0,0,1,0
1.0,92.0,1.0,1,1095.0,0,0,0
1.0,31.0,7.0,9,11111.0,1,1,1
0.0,97.0,4.0,4,2600.0,0,0,0
0.0,105.0,3.0,2,1240.0,0,0,0
0.0,72.0,2.0,2,978.0,0,0,0
1.0,30.0,5.0,5,3375.0,0,0,0
1.0,30.0,5.0,6,2700.0,0,1,1
0.0,4.0,3.0,4,2250.0,0,1,0
0.0,111.0,2.0,2,1105.0,0,0,0
0.0,98.0,3.0,2,833.0,0,0,0
0.0,10.0,3.0,4,2343.0,0,1,0
0.0,111.0,2.0,2,762.0,0,0,0
0.0,98.0,3.0,3,1690.0,0,0,0
0.0,82.0,1.0,1,425.0,0,0,0
1.0,29.0,4.0,4,2844.0,0,0,0
0.0,105.0,4.0,4,1939.0,0,1,0
1.0,63.0,4.0,4,1503.0,0,0,0
0.0,57.0,4.0,4,11111.0,0,1,0
0.0,11.0,3.0,3,1466.0,0,0,0
0.0,95.0,2.0,2,950.0,0,0,0
0.0,81.0,2.0,2,1142.0,0,0,0
0.0,44.0,3.0,3,1983.0,0,1,0
0.0,1.0,3.0,3,1489.0,0,0,0
0.0,97.0,3.0,4,2026.0,0,1,0
1.0,25.0,4.0,3,1557.0,0,0,1
0.0,14.0,5.0,5,3500.0,0,1,0
0.0,97.0,4.0,4,2600.0,1,1,0
0.0,18.0,3.0,3,1167.0,0,0,0
1.0,74.0,5.0,6,3150.0,0,1,1
0.0,97.0,4.0,4,2545.0,0,1,0
1.0,13.0,4.0,3,1800.0,1,0,0
0.0,11.0,3.0,3,1584.0,0,0,0
0.0,43.0,2.0,3,1442.0,1,0,0
0.0,78.0,3.0,3,1392.0,0,0,0
0.0,81.0,2.0,2,1285.0,0,0,0
0.0,44.0,3.0,2,1538.0,0,0,0
0.0,97.0,4.0,4,2300.0,1,1,0
0.0,68.0,3.0,3,2400.0,0,1,0
0.0,8.0,5.0,6,3797.0,0,0,0
0.0,75.0,4.0,4,2854.0,0,1,0
0.0,64.0,3.0,3,2036.0,0,0,0
0.0,75.0,3.0,3,2047.0,0,0,0
0.0,4.0,2.0,2,568.0,0,0,0
1.0,112.0,2.0,2,1150.0,0,0,0
0.0,5.0,1.0,2,402.0,0,0,0
0.0,15.0,1.0,1,374.0,0,0,0
0.0,78.0,4.0,4,2186.0,0,0,0
1.0,104.0,4.0,4,2430.0,0,0,0
0.0,33.0,3.0,4,3133.0,0,1,1
0.0,78.0,3.0,3,1428.0,0,0,0
0.0,82.0,3.0,4,1631.0,0,1,0
0.0,44.0,3.0,3,1686.0,0,0,0
0.0,92.0,2.0,2,1194.0,0,0,0
1.0,74.0,5.0,6,3150.0,0,1,0
0.0,33.0,3.0,3,1777.0,0,1,0
1.0,81.0,4.0,5,2610.0,1,1,1
0.0,57.0,3.0,3,1894.0,0,0,0
0.0,54.0,4.0,4,3000.0,0,0,0
0.0,60.0,4.0,4,3068.0,0,1,0
0.0,101.0,2.0,2,1390.0,0,0,0
0.0,82.0,4.0,4,1985.0,0,1,0
0.0,9.0,3.0,4,2137.0,0,0,0
0.0,80.0,3.0,5,2167.0,0,0,0
0.0,111.0,2.0,2,1095.0,0,0,0
0.0,89.0,3.0,4,1416.0,0,1,0
0.0,39.0,3.0,2,1444.0,0,0,0
0.0,97.0,3.0,4,1925.0,0,0,0
0.0,9.0,2.0,2,543.0,0,0,0
0.0,6.0,3.0,2,848.0,0,0,0
1.0,3.0,6.0,7,4500.0,0,0,0
0.0,41.0,3.0,4,2820.0,1,0,0
0.0,18.0,3.0,3,1178.0,0,0,0
0.0,103.0,2.0,2,1176.0,1,0,0
0.0,98.0,2.0,2,1339.0,1,0,0
0.0,50.0,4.0,5,5000.0,0,1,0
0.0,108.0,4.0,4,3041.0,0,1,0
0.0,109.0,2.0,2,473.0,0,0,0
1.0,62.0,3.0,3,2160.0,0,1,1
0.0,39.0,3.0,3,2093.0,0,0,0
0.0,111.0,2.0,2,481.0,0,0,0
0.0,6.0,3.0,2,1303.0,1,0,1
0.0,75.0,4.0,4,2127.0,0,1,0
1.0,20.0,6.0,4,1935.0,0,0,0
0.0,63.0,3.0,4,2278.0,0,1,0
0.0,101.0,3.0,1,1103.0,0,0,0
0.0,105.0,4.0,4,2286.0,0,1,0
0.0,92.0,2.0,2,814.0,0,0,0
0.0,10.0,2.0,3,978.23,0,1,0
1.0,30.0,10.0,10,3159.0,0,0,0
0.0,11.0,3.0,3,2576.0,0,1,0
0.0,25.0,3.0,3,1611.0,0,0,0
0.0,43.0,3.0,3,1820.0,0,0,0
0.0,9.0,2.0,2,598.0,0,0,0
1.0,27.0,6.0,6,2368.0,0,0,1
0.0,5.0,4.0,6,2602.0,0,1,0
1.0,47.0,4.0,2,585.0,0,0,0
0.0,39.0,2.0,2,86.0,0,0,0
1.0,11.0,5.0,5,2430.0,0,1,0
1.0,29.0,8.0,5,540.0,0,0,0
0.0,111.0,2.0,2,694.0,0,0,0
1.0,74.0,5.0,6,4500.0,1,1,1
0.0,103.0,3.0,3,1578.0,0,0,0
0.0,96.0,3.0,3,1610.0,0,0,0
1.0,56.0,2.333333333333333,4,945.0,0,0,1
0.0,108.0,2.0,1,652.0,0,0,0
0.0,101.0,2.0,3,998.0,0,0,0
0.0,43.0,3.0,3,1595.0,0,0,0
0.0,17.0,4.0,5,2060.0,1,0,0
0.0,92.0,3.0,4,2513.0,0,1,0
0.0,95.0,3.0,3,1387.0,0,1,0
0.0,93.0,2.0,2,1202.0,1,0,0
0.0,4.0,3.0,3,2250.0,0,1,0
0.0,16.0,3.0,5,2536.0,0,1,0
1.0,51.0,3.0,9,1836.0,0,0,0
0.0,85.0,2.0,2,1300.0,0,0,0
0.0,34.0,2.0,2,1604.0,0,0,0
1.0,52.0,6.0,6,1845.0,0,0,1
0.0,78.0,4.0,4,1819.0,0,0,0
1.0,29.0,8.0,10,3915.0,0,0,0
0.0,81.0,4.0,4,1600.0,1,0,0
0.0,53.0,3.0,4,1950.0,0,1,0
0.0,111.0,2.0,2,1319.0,1,0,0
0.0,11.0,3.0,3,1550.0,0,0,0
1.0,74.0,5.0,6,6667.0,0,1,1
0.0,105.0,3.0,3,1442.0,0,0,0
0.0,93.0,2.0,2,1175.0,0,0,0
0.0,66.0,4.0,4,4254.0,1,1,1
0.0,79.0,3.0,2,889.0,0,0,0
0.0,96.0,2.0,2,1361.0,1,0,0
0.0,44.0,3.0,3,1389.0,0,0,0
0.0,80.0,3.0,4,1950.0,0,1,0
0.0,57.0,3.0,3,1245.0,0,0,1
0.0,78.0,4.0,4,1783.0,0,0,0
1.0,44.0,1.0,1,1535.0,0,0,0
0.0,73.0,4.0,4,1650.0,1,0,0
0.0,98.0,3.0,4,1580.0,0,0,1
0.0,2.0,3.0,3,1705.0,0,1,0
1.0,57.0,3.0,3,3240.0,1,1,0
1.0,22.0,2.0,5,1440.0,0,0,0
0.0,44.0,3.0,3,2191.0,1,0,0
0.0,47.0,2.0,2,1000.0,0,0,0
1.0,25.0,3.0,3,1557.0,1,0,0
0.0,21.0,3.0,3,1611.0,0,0,0
0.0,72.0,3.0,2,630.0,0,0,0
0.0,14.0,4.0,5,3032.0,0,1,0
0.0,11.0,3.0,4,1946.0,0,1,0
0.0,98.0,3.0,2,1878.0,0,0,0
0.0,44.0,4.0,3,2025.0,1,1,0
1.0,47.0,3.0,2,684.0,1,0,0
1.0,31.0,3.0,3,8829.0,1,0,0
0.0,4.0,3.0,4,1700.0,0,1,0
1.0,81.0,3.0,3,1611.0,0,0,0
0.0,101.0,2.0,2,1441.0,0,0,0
0.0,92.0,4.0,6,3801.0,0,1,0
0.0,9.0,2.0,2,1236.0,0,0,0
0.0,81.0,2.0,2,1402.0,0,0,0
0.0,70.0,4.0,6,3932.0,1,1,1
0.0,44.0,2.0,2,1300.0,0,0,0
0.0,98.0,2.0,2,1300.0,0,0,0
0.0,55.0,3.0,3,1600.0,0,0,0
0.0,111.0,2.0,2,1000.0,0,0,0
0.0,89.0,2.0,2,1688.0,1,0,0
0.0,80.0,4.0,5,2114.0,0,1,0
0.0,111.0,2.0,2,521.0,0,0,0
0.0,92.0,2.0,2,1112.0,0,0,0
0.0,63.0,3.0,4,1900.0,0,1,0
0.0,12.0,2.0,2,1086.0,0,0,0
0.0,93.0,4.0,4,1774.0,0,1,0
0.0,89.0,3.0,3,2167.0,0,0,0
0.0,27.0,2.0,2,1533.0,0,0,0
0.0,25.0,2.0,2,1281.0,0,0,0
0.0,62.0,3.0,3,1700.0,0,0,0
0.0,105.0,3.0,3,711.0,0,0,0
0.0,80.0,2.0,2,1222.0,1,0,0
0.0,55.0,3.0,3,1633.0,0,0,0
0.0,11.0,3.0,3,1466.0,0,0,0
1.0,64.0,5.0,5,5580.0,1,1,1
1.0,30.0,5.0,3,1350.0,0,0,1
0.0,44.0,2.0,2,1310.0,0,0,0
0.0,89.0,3.0,4,1946.0,0,1,0
0.0,107.0,3.0,2,866.0,1,0,0
1.0,11.0,4.0,6,3600.0,1,1,1
0.0,75.0,3.0,3,2724.0,0,1,0
1.0,24.0,4.0,4,3500.0,1,1,1
0.0,39.0,3.0,2,113.0,0,0,0
0.0,82.0,3.0,3,1344.0,0,0,0
0.0,63.0,3.0,4,2200.0,0,0,0
0.0,97.0,4.0,4,2600.0,0,0,0
0.0,71.0,4.0,4,3956.0,0,0,0
0.0,43.0,3.0,3,1400.0,0,0,0
0.0,63.0,4.0,3,1900.0,0,0,0
1.0,105.0,4.0,4,1743.0,0,0,0
0.0,105.0,3.0,3,140.0,0,0,0
0.0,63.0,4.0,4,2500.0,0,0,0
0.0,49.0,3.0,3,1640.0,0,0,0
0.0,55.0,3.0,4,1750.75,0,1,0
1.0,11.0,7.0,6,3600.0,1,1,0
0.0,83.0,4.0,5,2625.0,0,1,0
1.0,62.0,4.0,4,1449.0,0,0,0
0.0,101.0,2.0,3,1226.0,1,1,0
0.0,33.0,3.0,4,1956.0,0,1,0
0.0,99.0,2.0,2,695.0,0,0,0
0.0,112.0,2.0,2,1350.0,0,0,0
1.0,14.0,1.0,1,500.0,0,0,0
0.0,75.0,3.0,3,2236.0,0,1,0
0.0,75.0,3.0,4,2490.0,0,1,0
0.0,39.0,3.0,3,1619.0,0,0,0
0.0,2.0,3.0,4,1670.0,0,1,0
0.0,101.0,3.0,2,1550.0,0,0,0
0.0,76.0,2.0,2,1149.0,1,0,0
0.0,78.0,3.0,3,1455.0,0,0,0
0.0,2.0,3.0,2,1696.0,0,0,0
1.0,50.0,1.0,1,1935.0,0,0,0
0.0,82.0,3.0,3,1466.0,0,0,0
0.0,39.0,3.0,2,1409.0,0,0,0
1.0,30.0,6.0,7,1800.0,1,1,0
1.0,38.0,5.0,5,1620.0,0,0,1
1.0,81.0,2.0,3,1319.0,0,0,0
0.0,111.0,2.0,2,615.0,0,0,0
0.0,103.0,3.0,3,1645.0,0,0,0
0.0,20.0,3.0,4,1956.0,0,0,0
0.0,101.0,2.0,2,1230.0,1,0,0
0.0,89.0,3.0,4,2389.0,0,1,0
0.0,92.0,3.0,3,1570.0,1,1,0
0.0,103.0,4.0,4,2005.0,0,0,0
1.0,50.0,4.0,4,540.0,1,1,0
0.0,69.0,3.0,3,1223.0,1,1,0
0.0,109.0,2.0,2,583.0,0,0,0
0.0,103.0,2.0,2,1224.0,1,0,0
0.0,8.0,4.0,3,1678.0,0,1,0
1.0,11.0,4.0,4,4800.0,0,1,0
0.0,103.0,3.0,3,1700.0,0,1,0
1.0,34.0,1.0,1,3800.0,0,0,0
0.0,109.0,2.0,2,538.0,0,0,0
0.0,16.0,3.0,3,2225.56,0,1,0
0.0,85.0,2.0,2,1200.0,0,0,0
1.0,47.0,2.0,2,67.0,0,0,0
0.0,83.0,4.0,4,3000.0,0,1,0
1.0,25.0,3.0,9,1557.0,0,1,0
0.0,14.0,3.0,3,1850.0,0,1,0
1.0,67.0,2.0,2,1222.0,0,0,0
0.0,2.0,3.0,4,2717.0,0,1,0
1.0,25.0,4.0,5,5200.0,0,0,0
0.0,9.0,2.0,2,1236.0,0,0,0
0.0,103.0,3.0,3,1541.0,0,1,0
1.0,57.0,4.0,4,2160.0,0,1,0
1.0,57.0,5.0,6,3240.0,0,0,0
0.0,98.0,3.0,2,1529.0,0,0,0
0.0,73.0,3.0,3,1524.0,1,1,0
0.0,98.0,3.0,3,1715.0,0,1,0
0.0,59.0,4.0,4,2199.0,0,0,0
0.0,92.0,3.0,2,1319.0,0,0,0
0.0,105.0,3.0,2,1473.0,0,0,0
0.0,95.0,2.0,2,990.0,0,0,0
0.0,97.0,3.0,3,1587.0,0,0,0
1.0,54.0,4.0,4,2700.0,0,1,1
0.0,4.0,3.0,3,1493.0,0,1,0
0.0,97.0,2.0,2,1700.0,1,0,0
1.0,52.0,4.0,4,1620.0,0,0,0
1.0,95.0,3.0,3,2160.0,0,1,0
0.0,107.0,2.0,2,1256.0,1,0,0
0.0,4.0,2.0,2,828.0,0,0,0
0.0,111.0,2.0,2,699.0,0,0,0
0.0,80.0,6.0,7,5333.0,1,1,0
1.0,36.0,2.0,1,1100.0,0,0,0
0.0,39.0,2.0,2,1492.0,0,0,0
0.0,85.0,3.0,3,1826.0,1,0,0
0.0,87.0,3.0,3,1451.0,0,0,1
0.0,39.0,2.0,2,85.0,0,0,0
0.0,40.0,3.0,2,978.0,0,0,0
1.0,18.0,3.0,3,1160.0,0,0,0
0.0,78.0,3.0,3,1455.0,0,0,0
0.0,111.0,1.0,1,477.809521,0,0,0
0.0,73.0,3.0,3,2696.0,1,1,0
0.0,99.0,3.0,3,1990.0,0,0,0
0.0,78.0,2.0,2,536.0,0,0,0
0.0,107.0,2.0,2,694.0,0,0,0
0.0,26.0,2.0,2,1256.0,0,0,0
0.0,50.0,4.0,5,2661.0,0,1,0
1.0,31.0,5.0,7,4500.0,0,1,0
0.0,43.0,2.0,3,1442.0,1,0,0
0.0,0.0,3.0,3,1940.0,0,1,0
0.0,111.0,2.0,2,789.0,0,0,0
1.0,25.0,4.0,4,3000.0,0,0,0
0.0,73.0,3.0,4,2696.0,1,1,0
0.0,107.0,1.0,1,406.0,0,0,0
0.0,95.0,1.0,1,700.0,0,0,0
0.0,74.0,3.0,4,2200.0,0,0,0
1.0,79.0,3.0,3,2250.0,0,0,0
1.0,111.0,2.0,3,1053.0,1,0,0
1.0,10.0,5.0,4,7331.0,0,0,0
0.0,89.0,2.0,2,1300.0,1,0,0
0.0,93.0,3.0,3,1844.0,0,1,1
0.0,83.0,4.0,4,4500.0,1,1,0
1.0,45.0,6.0,6,1836.0,1,1,0
0.0,77.0,2.0,2,982.0,0,0,0
0.0,98.0,3.0,3,1750.0,0,0,0
0.0,101.0,2.0,3,1502.0,1,0,0
0.0,111.0,3.0,2,1080.0,0,0,0
0.0,78.0,3.0,3,1419.0,0,0,0
1.0,25.0,3.0,3,594.0,0,0,0
0.0,63.0,3.0,3,1738.0,1,0,0
0.0,70.0,4.0,6,3867.0,0,1,0
0.0,91.0,3.0,4,1854.0,0,0,1
0.0,81.0,3.0,3,1339.0,0,0,0
0.0,87.0,3.0,3,1310.0,0,0,0
0.0,92.0,2.0,2,607.0,1,0,0
0.0,38.0,3.0,2,1450.0,0,0,0
1.0,28.0,8.0,8,2520.0,1,1,0
1.0,47.0,3.0,3,1350.0,0,0,0
1.0,25.0,2.0,2,1125.0,0,0,1
0.0,79.0,2.0,2,700.0,0,0,0
0.0,74.0,4.0,4,2210.0,0,1,0
1.0,112.0,3.0,3,3500.0,1,1,0
0.0,78.0,4.0,4,1389.0,0,0,0
0.0,84.0,2.0,2,1444.0,0,0,0
0.0,77.0,2.0,2,1200.0,0,0,0
1.0,50.0,4.0,4,540.0,0,0,0
0.0,109.0,3.0,5,1807.0,0,0,0
0.0,58.0,1.0,1,459.0,0,0,0
0.0,73.0,2.0,2,1456.0,0,0,0
0.0,59.0,4.0,4,2100.0,0,0,0
0.0,76.0,2.0,2,1500.0,0,0,1
0.0,10.0,3.0,4,2850.0,0,0,0
0.0,6.0,1.0,2,335.0,0,0,0
0.0,39.0,3.0,3,1403.0,1,0,0
0.0,111.0,2.0,2,743.0,0,0,0
0.0,63.0,3.0,3,1800.0,0,0,0
0.0,109.0,2.0,2,1390.0,1,0,0
0.0,78.0,4.0,5,2856.0,0,1,0
0.0,68.0,4.0,4,2650.0,0,1,0
0.0,25.0,4.0,4,5000.0,1,0,0
0.0,70.0,3.0,3,1600.0,1,0,0
0.0,12.0,2.0,3,1389.0,0,0,0
0.0,105.0,4.0,4,1734.0,0,0,0
0.0,78.0,2.0,1,584.0,0,0,0
0.0,57.0,3.0,3,1830.0,0,0,0
0.0,4.0,3.0,3,1616.0,0,0,0
1.0,7.0,3.0,2,3889.0,0,0,0
0.0,95.0,2.0,2,1195.0,0,0,1
1.0,33.0,6.0,5,3240.0,1,1,1
0.0,63.0,3.0,5,2250.0,1,0,0
0.0,97.0,3.0,4,2227.0,0,1,0
0.0,97.0,3.0,4,1616.0,0,1,0
0.0,105.0,2.0,2,846.0,0,0,0
0.0,105.0,3.0,3,1571.0,0,0,0
0.0,16.0,4.0,6,3573.33,0,1,0
0.0,83.0,4.0,5,2629.0,0,1,0
0.0,4.0,2.0,2,1100.0,0,0,0
0.0,1.0,4.0,4,5350.0,0,0,0
0.0,50.0,3.0,3,1467.0,0,1,0
0.0,98.0,3.0,3,1548.0,0,0,0
1.0,55.0,8.0,8,2880.0,1,1,1
0.0,111.0,1.0,1,360.0,0,0,0
0.0,43.0,2.0,2,756.0,0,0,0
1.0,40.0,2.0,2,823.0,0,0,0
0.0,66.0,3.0,1,2295.0,0,0,0
0.0,81.0,2.0,2,842.0,0,0,0
0.0,96.0,2.0,2,531.0,0,0,1
0.0,63.0,4.0,4,2000.0,0,0,0
0.0,89.0,2.0,2,1280.0,0,0,0
0.0,6.0,2.0,2,1269.0,1,0,0
1.0,79.0,3.0,2,4320.0,0,0,0
0.0,72.0,1.0,1,693.0,0,0,0
1.0,57.0,5.0,7,5850.0,1,1,0
0.0,82.0,1.0,1,869.0,0,0,0
0.0,75.0,1.0,1,826.0,0,0,0
1.0,21.0,2.0,2,900.0,0,1,0
0.0,98.0,2.0,2,578.0,0,0,0
0.0,111.0,3.0,3,2444.0,0,1,0
0.0,61.0,4.0,5,3444.0,1,1,0
0.0,71.0,3.0,3,2000.0,0,0,0
0.0,80.0,3.0,5,1527.0,0,1,0
0.0,6.0,3.0,4,2072.0,0,1,0
1.0,12.0,4.0,3,2367.0,0,0,0
0.0,36.0,2.0,2,778.0,0,0,0
0.0,89.0,3.0,4,1659.0,0,1,0
0.0,54.0,5.0,5,3305.0,0,1,0
0.0,25.0,2.0,2,1100.0,0,0,0
0.0,44.0,3.0,3,1990.0,0,0,0
0.0,80.0,3.0,5,1527.0,0,1,0
1.0,31.0,7.0,9,9000.0,1,1,1
0.0,9.0,2.0,2,1281.0,1,0,0
0.0,44.0,4.0,3,1983.0,0,1,0
0.0,4.0,3.0,3,1531.0,0,0,0
0.0,81.0,3.0,3,1900.0,0,1,0
0.0,75.0,3.0,4,2100.0,0,1,0
0.0,101.0,2.0,2,769.0,0,0,0
0.0,4.0,3.0,4,1748.0,0,1,0
0.0,111.0,2.0,2,587.0,0,0,0
0.0,8.0,3.0,4,1186.0,0,1,0
0.0,11.0,3.0,2,1701.0,0,0,0
0.0,61.0,3.0,3,2250.0,1,0,0
0.0,95.0,3.0,4,1551.0,1,1,1
1.0,20.0,5.0,5,3420.0,1,1,0
0.0,89.0,2.0,2,1330.0,1,0,0
0.0,96.0,3.0,3,1849.0,0,1,0
1.0,7.0,3.5,4,900.0,0,0,0
0.0,72.0,2.0,3,997.0,0,0,0
0.0,76.0,2.0,2,633.0,0,0,0
0.0,65.0,3.0,4,2164.0,0,1,0
0.0,80.0,3.0,4,1416.0,0,0,0
0.0,89.0,3.0,3,1215.0,1,0,0
0.0,58.0,2.0,2,1007.0,0,0,0
0.0,44.0,3.0,3,1602.0,0,0,0
0.0,69.0,2.0,2,1278.0,1,0,0
0.0,99.0,3.0,3,1642.0,1,0,0
0.0,77.0,2.0,2,1311.0,0,0,0
1.0,90.0,2.0,4,891.0,0,0,0
0.0,6.0,3.0,4,2131.0,0,1,0
0.0,95.0,3.0,3,1500.0,0,1,0
0.0,85.0,2.0,2,1272.0,0,0,0
1.0,112.0,3.333333333333333,10,1065.0,0,0,0
0.0,11.0,3.0,2,1213.0,0,0,0
0.0,98.0,4.0,6,2521.0,0,1,0
0.0,85.0,3.0,3,1900.0,1,0,0
0.0,111.0,2.0,2,822.0,0,0,0
0.0,92.0,2.0,2,1397.0,0,0,0
0.0,78.0,4.0,6,2817.0,0,1,0
0.0,83.0,3.0,3,2308.0,0,1,0
0.0,4.0,3.0,3,2222.0,0,1,0
0.0,73.0,3.0,3,1654.0,0,0,0
0.0,18.0,2.0,2,1100.0,0,0,0
0.0,74.0,3.0,3,2000.0,0,1,0
0.0,44.0,3.0,3,1707.0,0,0,0
0.0,78.0,4.0,4,2172.0,0,1,0
0.0,73.0,3.0,3,1833.0,0,1,0
1.0,59.0,9.0,9,2700.0,0,1,0
0.0,43.0,2.0,2,667.0,0,0,0
0.0,103.0,3.0,3,2167.0,1,0,0
0.0,1.0,3.0,3,1589.0,0,0,0
0.0,8.0,2.0,2,1120.0,0,0,0
0.0,4.0,3.0,3,2500.0,0,1,0
1.0,52.0,8.0,6,2367.0,0,1,0
0.0,106.0,2.0,2,730.0,0,0,0
1.0,29.0,4.0,4,1350.0,0,1,0
0.0,75.0,3.0,4,2200.0,1,1,0
0.0,85.0,2.0,2,1508.0,0,0,0
1.0,61.0,4.0,4,2844.0,0,1,0
1.0,12.0,2.6666666666666665,4,1836.0,0,0,0
0.0,89.0,2.0,2,81.0,0,0,0
0.0,9.0,2.0,2,1388.0,1,0,0
0.0,92.0,2.0,2,1260.0,0,0,0
0.0,111.0,2.0,2,913.0,0,0,0
0.0,101.0,3.0,3,1288.0,0,0,0
1.0,47.0,1.0,4,603.0,0,0,0
0.0,103.0,2.0,2,1222.0,1,0,0
0.0,61.0,3.0,3,1700.0,0,0,0
0.0,111.0,1.0,1,778.0,0,0,0
0.0,6.0,2.0,2,86.0,1,0,0
0.0,11.0,4.0,4,3150.0,0,1,1
0.0,98.0,2.0,2,1231.0,0,0,0
0.0,73.0,3.0,4,1833.0,1,1,1
0.0,73.0,2.0,2,1141.0,0,0,0
0.0,11.0,3.0,4,1946.0,0,1,0
0.0,4.0,3.0,3,1493.0,0,1,0
0.0,1.0,1.0,1,565.0,0,0,0
0.0,111.0,3.0,3,1344.0,0,0,0
0.0,71.0,3.0,4,1554.0,1,0,0
0.0,39.0,3.0,2,1857.0,0,0,0
1.0,33.0,4.0,5,2844.0,0,1,1
0.0,41.0,1.0,1,452.0,0,0,0
0.0,57.0,3.0,3,1900.0,0,0,0
0.0,54.0,3.0,3,1923.0,0,1,0
0.0,1.0,4.0,4,2013.0,1,1,0
0.0,17.0,3.0,2,1285.0,0,0,0
0.0,9.0,2.0,2,598.0,0,0,0
0.0,1.0,3.0,3,1430.0,0,0,0
0.0,78.0,3.0,3,1305.0,0,0,0
0.0,89.0,3.0,3,1656.0,0,0,0
0.0,1.0,4.0,5,5249.0,1,1,0
0.0,78.0,4.0,4,1819.0,0,0,0
0.0,6.0,3.0,4,2036.0,1,1,0
1.0,39.0,2.0,2,1400.0,1,0,0
0.0,42.0,2.0,2,1086.0,0,0,0
0.0,107.0,1.0,1,407.0,0,0,0
0.0,78.0,3.0,3,1510.0,0,0,0
1.0,30.0,4.0,4,1800.0,0,1,1
0.0,78.0,3.0,2,1326.0,0,0,0
0.0,111.0,2.0,2,535.0,0,0,0
0.0,76.0,3.0,3,1346.0,0,0,1
0.0,15.0,3.0,3,1615.0,0,0,0
0.0,11.0,3.0,4,1797.0,0,1,0
1.0,47.0,4.0,4,1440.0,0,0,0
0.0,101.0,3.0,3,1423.0,1,0,0
1.0,51.0,6.0,7,4500.0,1,1,1
0.0,109.0,2.0,1,500.0,0,0,0
0.0,95.0,3.0,3,2588.0,0,0,0
0.0,108.0,2.0,2,733.0,0,0,0
0.0,16.0,2.0,2,1498.0,0,0,0
1.0,34.0,1.0,1,750.0,0,0,0
1.0,79.0,2.0,2,1440.0,0,0,0
1.0,47.0,2.5,3,675.0,0,0,0
0.0,25.0,1.0,1,556.0,0,0,0
1.0,11.0,4.0,5,6228.0,0,0,0
0.0,97.0,3.0,3,1344.0,0,0,0
0.0,4.0,3.0,3,1315.0,0,1,0
0.0,10.0,3.0,4,2525.0,0,0,0
0.0,4.0,3.0,3,1531.0,0,0,0
0.0,109.0,2.0,2,1133.0,0,0,0
0.0,47.0,2.0,2,833.0,0,0,0
1.0,79.0,2.0,2,1080.0,0,0,0
0.0,98.0,2.0,2,1231.0,0,0,0
0.0,39.0,2.0,2,1275.0,0,0,0
0.0,78.0,3.0,3,1428.0,0,0,0
0.0,10.0,2.0,2,1362.0,0,0,0
0.0,45.0,4.0,4,1954.0,0,0,0
1.0,57.0,3.0,3,2160.0,0,1,0
0.0,105.0,4.0,3,1983.0,0,0,0
0.0,39.0,4.0,4,4809.0,0,1,0
0.0,63.0,3.0,3,2200.0,1,0,0
0.0,99.0,2.0,2,1387.0,1,0,0
1.0,28.0,3.0,2,1500.0,0,0,0
0.0,4.0,2.0,2,1166.0,0,0,0
0.0,54.0,3.0,3,1576.0,0,1,0
0.0,98.0,3.0,2,1480.0,0,0,0
0.0,78.0,3.0,3,1428.0,0,0,0
0.0,70.0,4.0,5,3925.0,1,1,1
0.0,75.0,4.0,4,2250.0,0,1,0
0.0,106.0,2.0,2,604.0,0,0,0
0.0,81.0,2.0,2,1312.0,0,0,0
0.0,81.0,2.0,2,1180.0,0,0,0
0.0,111.0,2.0,2,1050.0,1,0,0
1.0,54.0,5.0,6,8775.0,1,1,1
0.0,16.0,4.0,6,3662.34,0,1,0
0.0,104.0,2.0,2,1271.0,0,0,0
0.0,92.0,3.0,4,1760.0,0,1,0
0.0,50.0,4.0,4,3115.0,0,0,0
0.0,87.0,3.0,4,1310.0,1,1,0
0.0,69.0,2.0,2,1333.0,1,0,0
1.0,40.0,3.0,1,1081.0,0,0,0
1.0,33.0,5.0,6,3240.0,1,1,0
0.0,25.0,2.0,2,1416.0,1,0,0
0.0,78.0,3.0,3,1482.0,0,0,0
0.0,63.0,1.0,1,475.0,0,0,0
0.0,111.0,2.0,2,978.0,0,0,0
1.0,18.0,4.0,4,1700.0,0,0,0
1.0,25.0,5.0,5,4680.0,1,1,1
0.0,97.0,2.0,2,1380.0,0,0,1
0.0,41.0,1.0,1,407.0,0,0,0
1.0,56.0,6.0,5,2250.0,1,1,0
0.0,75.0,3.0,4,1751.0,0,1,0
0.0,81.0,3.0,3,1788.0,0,1,0
0.0,95.0,2.0,2,1100.0,0,0,0
0.0,97.0,2.0,2,97.0,0,0,0
0.0,83.0,3.0,3,1787.0,0,1,0
1.0,30.0,5.0,5,1800.0,0,1,0
0.0,101.0,3.0,3,867.0,0,0,0
0.0,8.0,2.0,2,940.0,0,0,0
0.0,44.0,3.0,2,1376.0,0,0,0
0.0,11.0,3.0,3,1550.0,0,0,0
0.0,43.0,3.0,3,1435.0,0,0,0
0.0,75.0,3.0,3,2047.0,0,0,1
0.0,111.0,2.0,2,588.0,0,0,0
0.0,111.0,2.0,2,913.0,0,0,0
1.0,18.0,3.0,3,1872.0,0,0,0
0.0,17.0,3.0,3,2006.0,0,1,0
0.0,43.0,3.0,3,1563.0,1,0,0
0.0,6.0,3.0,4,2072.0,0,1,0
0.0,9.0,2.0,2,608.0,0,0,0
0.0,11.0,3.0,4,1896.0,0,1,0
0.0,87.0,4.0,3,1765.0,0,1,0
1.0,47.0,3.0,3,1130.0,0,0,0
0.0,53.0,3.0,3,2667.0,0,0,0
1.0,19.0,4.0,5,4950.0,0,0,0
0.0,107.0,2.0,2,1300.0,0,0,0
0.0,4.0,3.0,3,1315.0,0,1,0
1.0,30.0,5.0,6,4518.0,1,1,1
0.0,82.0,4.0,4,2127.0,0,1,0
0.0,73.0,4.0,4,1975.0,0,1,0
0.0,111.0,2.0,2,616.0,0,0,0
0.0,9.0,2.0,2,1201.0,0,0,0
0.0,9.0,2.0,2,496.0,0,0,0
0.0,101.0,2.0,2,1226.0,1,0,0
0.0,111.0,2.0,2,658.0,0,0,0
0.0,54.0,4.0,5,3444.0,1,1,0
0.0,76.0,3.0,3,1346.0,0,1,0
0.0,78.0,3.0,3,1392.0,0,0,0
1.0,63.0,6.0,6,1530.0,0,0,0
1.0,75.0,4.0,4,2800.0,0,0,0
1.0,50.0,9.0,9,3510.0,0,1,0
0.0,10.0,3.0,5,2343.0,0,1,0
1.0,61.0,4.0,4,2430.0,0,0,0
0.0,103.0,4.0,4,2468.0,0,0,0
0.0,25.0,2.0,3,1444.0,1,0,0
0.0,103.0,3.0,3,1929.0,0,1,0
0.0,14.0,5.0,5,3466.0,0,1,0
1.0,14.0,2.0,2,270.0,0,0,0
1.0,29.0,1.6666666666666667,4,1080.0,0,0,0
0.0,4.0,3.0,3,1465.0,1,1,0
1.0,81.0,2.0,2,1319.0,0,1,0
0.0,69.0,2.0,2,1278.0,1,0,0
0.0,105.0,3.0,3,579.0,0,0,0
1.0,54.0,4.0,4,2340.0,0,1,0
0.0,15.0,1.0,1,450.0,0,0,0
0.0,78.0,4.0,4,1889.0,0,0,0
1.0,75.0,6.0,7,3600.0,1,1,1
0.0,53.0,3.0,4,2544.0,1,0,0
0.0,78.0,4.0,4,1889.0,0,0,0
0.0,6.0,4.0,5,7222.0,0,0,0
0.0,4.0,2.0,2,1368.0,0,0,0
0.0,17.0,3.0,4,1940.0,0,1,0
1.0,26.0,2.6666666666666665,3,972.0,0,0,0
1.0,31.0,5.0,5,4518.0,1,1,1
0.0,10.0,3.0,3,1480.0,0,0,0
0.0,59.0,4.0,4,1484.0,0,0,0
0.0,88.0,3.0,3,1969.0,0,1,0
0.0,9.0,2.0,2,543.0,0,0,0
0.0,40.0,3.0,2,833.0,0,0,0
0.0,92.0,4.0,4,2527.0,0,1,0
0.0,83.0,4.0,4,2941.0,0,1,0
0.0,101.0,3.0,3,1423.0,0,0,0
0.0,5.0,2.0,2,698.0,0,0,0
0.0,99.0,2.0,2,133.0,1,0,0
0.0,74.0,3.0,3,1950.0,1,1,0
1.0,28.0,5.0,5,1557.0,0,0,0
1.0,11.0,4.0,4,6228.0,0,1,0
1.0,79.0,5.0,3,1350.0,0,0,0
0.0,107.0,2.0,2,571.0,0,0,0
0.0,104.0,4.0,4,2139.0,0,1,0
0.0,95.0,3.0,3,1600.0,0,0,0
0.0,77.0,4.0,4,1809.0,0,0,0
0.0,10.0,2.0,2,1720.0,0,0,0
0.0,25.0,3.0,4,1738.0,0,1,0
0.0,98.0,2.0,2,668.0,0,0,0
0.0,4.0,3.0,3,2351.0,1,1,0
0.0,6.0,4.0,5,2582.0,0,1,0
0.0,78.0,4.0,4,1783.0,0,0,0
0.0,105.0,2.0,2,1195.0,0,0,0
0.0,63.0,3.0,3,1910.0,1,0,0
0.0,103.0,3.0,4,1765.0,0,1,0
1.0,31.0,4.0,4,1265.0,0,0,0
1.0,38.0,4.0,4,1449.0,1,1,1
0.0,89.0,2.0,2,546.0,0,0,0
0.0,61.0,4.0,6,2715.0,0,1,1
0.0,95.0,3.0,3,1582.0,0,1,0
0.0,57.0,3.0,3,2000.0,0,0,1
0.0,97.0,4.0,5,2366.0,0,1,0
0.0,10.0,3.0,4,2003.0,0,0,0
0.0,34.0,2.0,2,956.0,0,0,0
1.0,53.0,3.0,4,1467.0,0,0,0
0.0,88.0,4.0,4,2300.0,0,1,0
0.0,88.0,1.0,2,823.0,0,0,0
1.0,7.0,2.0,2,2000.0,0,0,0
0.0,17.0,3.0,4,2200.0,1,1,0
0.0,81.0,3.0,3,1925.0,1,0,0
1.0,57.0,5.0,4,2160.0,1,0,1
0.0,89.0,2.0,2,1295.0,0,0,0
0.0,96.0,3.0,3,1624.0,0,1,1
0.0,80.0,3.0,3,1688.0,0,0,0
0.0,75.0,3.0,3,2095.0,0,1,0
0.0,69.0,3.0,3,1811.0,0,0,0
0.0,11.0,3.0,3,1650.0,0,0,1
0.0,95.0,3.0,3,1387.0,1,1,1
0.0,87.0,3.0,3,1735.0,0,0,0
1.0,50.0,6.0,6,1935.0,0,1,0
0.0,17.0,3.0,3,2281.0,0,0,0
1.0,34.0,3.0,4,3500.0,0,0,0
1.0,83.0,5.0,6,6300.0,1,1,1
0.0,95.0,1.0,1,520.0,0,0,0
0.0,75.0,3.0,3,2150.0,0,1,0
0.0,107.0,4.0,3,2824.0,0,1,0
0.0,43.0,3.0,3,1629.0,0,0,0
0.0,93.0,2.0,2,1299.0,1,0,0
0.0,2.0,3.0,3,1924.0,0,1,0
0.0,107.0,2.0,2,887.0,1,0,0
0.0,103.0,4.0,5,2330.0,1,1,0
0.0,73.0,3.0,3,1493.0,1,1,0
0.0,78.0,3.0,3,1392.0,0,0,0
0.0,107.0,2.0,2,990.0,0,0,0
1.0,7.0,3.0,3,1000.0,0,0,0
0.0,61.0,4.0,6,2826.0,0,1,0
1.0,46.0,1.0,1,800.0,0,0,0
0.0,105.0,4.0,3,2167.0,0,0,0
0.0,103.0,2.0,2,1176.0,1,0,0
0.0,89.0,2.0,2,1423.0,1,0,0
0.0,14.0,4.0,5,3077.0,0,1,0
1.0,55.0,4.0,4,2088.0,0,1,0
0.0,4.0,2.0,2,1017.0,0,0,0
0.0,33.0,3.0,3,1700.0,0,1,0
0.0,63.0,1.0,1,667.0,0,0,0
0.0,69.0,3.0,3,1639.0,0,0,1
0.0,89.0,3.0,4,1963.0,0,1,0
0.0,103.0,3.0,3,1667.0,0,1,0
0.0,89.0,2.0,2,1325.0,1,0,0
0.0,25.0,2.0,2,1281.0,0,0,0
0.0,6.0,3.0,4,2217.0,0,1,0
0.0,57.0,4.0,3,3982.0,0,1,0
1.0,74.0,5.0,5,3240.0,0,1,1
0.0,105.0,4.0,5,1895.0,0,0,0
0.0,17.0,4.0,4,2553.0,1,1,0
0.0,103.0,4.0,4,2020.0,0,0,0
0.0,78.0,4.0,4,1819.0,0,0,0
1.0,50.0,4.0,4,1935.0,1,1,0
1.0,50.0,7.0,7,963.0,0,0,0
0.0,6.0,2.0,2,515.0,0,0,0
0.0,103.0,3.0,4,1765.0,0,1,0
0.0,4.0,2.0,2,915.0,0,0,0
0.0,81.0,4.0,3,2111.0,0,0,0
1.0,47.0,2.0,2,50.0,1,0,0
0.0,8.0,2.0,2,940.0,0,0,0
0.0,78.0,3.0,3,1392.0,0,0,0
0.0,111.0,2.0,2,616.0,0,0,0
0.0,94.0,3.0,3,1545.0,0,1,0
1.0,112.0,5.0,5,1350.0,0,0,0
0.0,57.0,3.0,3,2093.0,0,0,1
0.0,36.0,2.0,2,570.0,0,0,0
0.0,85.0,3.0,3,1800.0,1,0,0
0.0,78.0,2.0,3,1100.0,0,0,0
0.0,98.0,3.0,2,1529.0,0,0,0
1.0,52.0,3.0,3,909.0,0,0,1
0.0,33.0,2.0,2,1278.0,0,0,0
0.0,111.0,2.0,2,1129.0,1,0,0
0.0,101.0,2.0,2,1103.0,0,0,0
1.0,54.0,4.0,5,3195.0,1,1,1
0.0,88.0,3.0,3,2176.0,0,1,0
1.0,19.0,1.6666666666666667,4,785.0,1,1,0
0.0,78.0,3.0,3,1419.0,0,0,0
0.0,80.0,3.0,3,1765.0,0,1,1
0.0,66.0,3.0,4,2077.0,0,0,0
1.0,31.0,5.0,5,1350.0,0,0,0
0.0,111.0,3.0,3,1780.0,0,0,0
0.0,92.0,3.0,4,1900.0,0,1,0
1.0,55.0,3.0,3,2000.0,0,1,1
1.0,62.0,5.0,4,1548.0,0,1,1
0.0,85.0,2.0,2,1300.0,0,0,0
0.0,101.0,3.0,3,1923.0,1,1,0
1.0,47.0,2.0,1,500.0,0,0,0
0.0,99.0,3.0,3,1674.0,0,0,0
0.0,39.0,2.0,2,1100.0,0,0,0
1.0,11.0,4.0,5,2214.0,0,1,0
0.0,93.0,4.0,5,2535.0,0,0,0
1.0,33.0,2.0,2,1450.0,0,0,1
0.0,33.0,4.0,5,3406.0,0,1,0
0.0,74.0,3.0,3,1800.0,1,1,1
0.0,80.0,3.0,2,1078.0,0,0,0
1.0,53.0,3.0,9,1935.0,0,0,1
0.0,92.0,2.0,2,1223.0,1,0,0
0.0,10.0,3.0,4,2003.0,0,0,0
0.0,105.0,3.0,3,1415.0,0,0,0
1.0,63.0,8.0,8,2471.0,0,0,0
1.0,19.0,1.0,1,936.0,0,0,0
0.0,99.0,3.0,2,1463.0,1,0,0
1.0,57.0,5.0,6,3240.0,0,0,0
1.0,64.0,4.0,4,1728.0,1,1,1
1.0,52.0,5.0,5,1449.0,0,1,0
0.0,73.0,2.0,2,1482.0,1,0,0
0.0,105.0,1.0,1,336.0,0,0,0
0.0,68.0,2.0,3,1520.0,0,0,1
0.0,63.0,1.0,1,543.0,0,0,0
0.0,44.0,2.0,2,1410.0,0,0,0
0.0,73.0,3.0,3,3027.0,1,1,0
0.0,101.0,3.0,3,1581.0,1,0,0
0.0,89.0,3.0,4,2031.0,0,1,0
0.0,43.0,3.0,3,1845.0,1,1,0
0.0,103.0,3.0,4,1493.0,0,1,0
0.0,55.0,5.0,5,3724.0,1,1,0
0.0,50.0,4.0,4,2570.0,0,1,0
0.0,89.0,3.0,3,1176.0,0,0,1
0.0,72.0,2.0,2,1372.0,0,0,0
1.0,67.0,2.5,5,120.0,0,0,0
0.0,10.0,3.0,3,2072.0,0,0,0
0.0,105.0,3.0,2,1091.0,0,0,0
0.0,89.0,2.0,4,1223.0,0,0,0
1.0,52.0,8.0,8,2385.0,1,0,0
1.0,24.0,4.0,4,4494.0,0,1,1
0.0,103.0,4.0,4,2214.0,0,0,0
0.0,43.0,3.0,3,1537.0,0,0,0
0.0,10.0,2.0,2,1250.0,0,0,0
1.0,28.0,9.0,9,4200.0,0,1,0
0.0,103.0,3.0,3,1640.0,0,0,0
1.0,67.0,2.0,4,713.0,0,0,0
0.0,27.0,3.0,4,2517.0,0,0,0
0.0,9.0,3.0,4,1837.0,0,1,0
0.0,76.0,3.0,3,1551.0,1,0,1
1.0,93.0,4.0,4,3240.0,1,1,0
0.0,9.0,2.0,2,622.0,0,0,0
0.0,94.0,5.0,5,2896.0,1,0,0
1.0,25.0,6.0,4,4000.0,0,0,0
0.0,78.0,3.0,2,1473.0,0,0,0
1.0,25.0,4.0,4,2400.0,0,1,0
0.0,74.0,3.0,3,1950.0,1,0,0
0.0,92.0,2.0,2,704.0,0,0,0
0.0,87.0,3.0,3,1833.0,1,1,0
1.0,79.0,2.0,2,1800.0,0,0,0
0.0,73.0,3.0,5,4271.0,0,1,0
0.0,96.0,3.0,3,1652.0,1,0,0
1.0,33.0,3.0,2,1800.0,0,0,0
0.0,25.0,3.0,4,1738.0,0,1,0
0.0,5.0,4.0,6,2729.0,0,1,0
0.0,6.0,2.0,2,877.0,0,0,0
0.0,105.0,2.0,2,905.0,0,0,0
0.0,14.0,4.0,4,3077.0,0,1,0
0.0,4.0,2.0,2,828.0,0,0,0
0.0,73.0,3.0,3,1650.0,1,1,0
0.0,43.0,2.0,2,925.0,0,0,0
0.0,63.0,3.0,2,2250.0,0,0,0
0.0,85.0,2.0,2,1300.0,0,0,1
1.0,31.0,5.0,6,4518.0,0,1,1
0.0,40.0,2.0,2,654.0,0,0,0
0.0,97.0,4.0,4,2500.0,0,1,0
0.0,11.0,4.0,5,2851.0,0,1,0
0.0,111.0,2.0,2,913.0,0,0,0
1.0,79.0,4.0,4,345.0,1,0,1
0.0,105.0,4.0,5,1717.0,0,1,0
1.0,54.0,4.0,4,3240.0,1,1,1
0.0,95.0,3.0,3,1778.0,0,1,0
0.0,109.0,2.0,2,1133.0,0,0,0
0.0,15.0,2.0,2,789.0,0,0,0
0.0,69.0,2.0,2,1150.0,1,0,0
0.0,54.0,3.0,3,2200.0,0,1,0
1.0,74.0,5.0,5,8067.799999999999,1,1,1
0.0,111.0,2.0,2,528.0,0,0,0
0.0,50.0,3.0,4,2222.0,0,1,0
1.0,53.0,9.0,9,4650.0,0,1,0
0.0,77.0,2.0,2,1311.0,0,0,0
0.0,82.0,2.0,2,1084.0,0,0,0
0.0,3.0,3.0,3,1946.0,0,1,0
0.0,61.0,3.0,3,2558.0,0,0,0
0.0,95.0,3.0,3,1792.0,0,1,0
1.0,33.0,4.0,4,2430.0,0,1,1
1.0,47.0,5.0,4,146.0,0,0,0
0.0,77.0,2.0,2,889.0,0,0,0
0.0,15.0,4.0,5,2670.0,0,1,0
0.0,5.0,2.0,3,1613.0,0,1,0
1.0,81.0,3.0,3,1611.0,0,0,0
0.0,70.0,5.0,7,4990.0,0,1,0
0.0,63.0,3.0,3,1810.0,0,1,0
0.0,107.0,3.0,3,2000.0,0,0,0
0.0,92.0,3.0,3,1800.0,0,1,0
0.0,77.0,2.0,2,1127.0,0,0,0
0.0,78.0,3.0,3,1376.0,0,0,0
0.0,109.0,2.0,2,498.0,0,0,0
0.0,80.0,4.0,5,2114.0,0,1,0
0.0,86.0,2.0,2,844.0,0,0,0
0.0,6.0,1.0,1,301.0,0,0,0
0.0,8.0,3.0,3,2224.0,0,1,0
0.0,80.0,3.0,5,1527.0,0,1,0
0.0,76.0,3.0,3,1346.0,0,0,0
0.0,89.0,2.0,2,1423.0,0,0,0
0.0,89.0,2.0,2,1383.0,0,0,0
1.0,5.0,4.0,3,4000.0,0,0,0
0.0,39.0,2.0,2,1448.0,0,0,0
0.0,63.0,3.0,3,1719.0,0,0,0
0.0,97.0,3.0,4,1900.0,0,1,0
1.0,90.0,2.0,2,585.0,0,0,0
0.0,55.0,4.0,4,2157.0,0,1,0
0.0,73.0,2.0,2,1433.0,0,0,0
0.0,70.0,4.0,4,4200.0,0,1,0
0.0,95.0,2.0,2,1199.0,0,0,0
0.0,73.0,3.0,4,1833.0,1,1,0
0.0,108.0,4.0,4,2835.0,0,0,0
0.0,72.0,3.0,3,2667.0,0,0,0
1.0,49.0,9.0,9,5000.0,1,1,1
1.0,111.0,2.0,3,1053.0,1,0,0
0.0,4.0,3.0,3,1315.0,0,1,0
0.0,18.0,4.0,3,3150.0,0,0,0
1.0,49.0,10.0,10,7500.0,1,1,0
0.0,83.0,3.0,4,2140.0,0,1,0
0.0,15.0,4.0,5,2700.0,0,1,0
0.0,98.0,3.0,3,1715.0,0,1,0
0.0,10.0,2.0,2,1468.0,0,0,0
0.0,6.0,4.0,4,2303.0,0,1,0
0.0,11.0,3.0,3,1466.0,0,0,0
0.0,92.0,4.0,4,6268.0,0,1,0
0.0,35.0,3.0,2,1000.0,0,0,0
1.0,50.0,7.0,8,9000.0,0,1,1
0.0,83.0,4.0,4,4000.0,0,1,0
0.0,39.0,3.0,4,1421.0,0,1,0
0.0,97.0,2.0,2,1250.0,0,0,0
0.0,9.0,2.0,2,494.0,0,0,0
0.0,4.0,3.0,3,1300.0,0,1,0
0.0,92.0,3.0,3,1780.0,0,0,0
1.0,75.0,3.0,3,278.0,0,0,0
0.0,21.0,4.0,3,1444.0,0,0,0
0.0,75.0,3.0,3,2048.0,0,0,1
0.0,35.0,2.0,2,600.0,0,0,0
0.0,103.0,3.0,3,1557.0,0,0,0
0.0,6.0,3.0,3,2217.0,0,1,0
0.0,103.0,2.0,2,1199.0,1,0,0
1.0,13.0,5.0,4,1850.0,0,0,1
0.0,46.0,5.0,4,3556.0,0,1,0
0.0,85.0,2.0,2,1556.0,0,0,0
0.0,87.0,2.0,2,1180.0,0,0,0
0.0,5.0,2.0,2,1222.0,0,0,0
0.0,41.0,1.0,1,600.0,0,0,0
1.0,19.0,10.0,5,8100.0,0,0,0
0.0,75.0,1.0,1,826.0,0,0,0
0.0,27.0,2.0,2,1249.0,0,0,0
1.0,34.0,3.0,3,210.0,0,0,0
0.0,61.0,3.0,3,1382.0,0,0,0
1.0,62.0,6.0,4,2700.0,0,1,0
0.0,10.0,4.0,4,2500.0,0,1,0
0.0,104.0,2.0,2,1186.0,0,0,0
0.0,57.0,3.0,3,2400.0,0,1,0
0.0,78.0,2.0,1,667.0,0,0,0
1.0,39.0,3.0,2,900.0,0,0,0
0.0,74.0,3.0,4,1700.0,0,1,0
1.0,64.0,9.0,9,2660.0,0,1,0
1.0,106.0,3.0,2,1152.0,0,0,0
1.0,29.0,10.0,9,5018.0,0,0,0
0.0,8.0,1.0,1,567.0,0,0,0
0.0,2.0,3.0,3,1900.0,0,1,0
0.0,97.0,3.0,4,1450.0,0,1,0
0.0,6.0,4.0,4,2851.0,0,1,0
0.0,96.0,2.0,2,565.0,0,0,0
0.0,105.0,4.0,5,2453.0,0,1,0
0.0,92.0,3.0,3,1650.0,0,1,0
1.0,47.0,2.0,1,624.0,0,0,1
0.0,96.0,2.0,2,1222.0,1,0,0
0.0,44.0,2.0,2,1276.0,0,0,0
0.0,75.0,3.0,4,2225.0,0,1,1
0.0,81.0,3.0,3,1600.0,0,0,0
1.0,64.0,6.0,6,2700.0,1,1,1
0.0,74.0,2.0,3,1330.0,0,1,0
1.0,25.0,5.0,5,4550.0,0,0,0
0.0,89.0,2.0,2,1385.0,1,0,0
0.0,41.0,1.0,1,319.0,0,0,0
0.0,20.0,4.0,5,2200.0,1,1,0
0.0,57.0,4.0,4,3395.0,0,0,0
0.0,10.0,3.0,3,1500.0,0,1,0
0.0,50.0,3.0,3,1233.0,0,0,1
0.0,76.0,4.0,4,1991.0,0,0,0
1.0,34.0,2.5,4,981.0,0,0,0
1.0,39.0,6.0,6,4914.0,0,0,0
0.0,3.0,4.0,4,1956.0,0,0,0
0.0,82.0,1.0,1,450.0,0,0,0
0.0,9.0,3.0,4,2137.0,0,1,0
0.0,78.0,3.0,4,1674.0,0,0,0
0.0,103.0,4.0,4,2139.0,0,1,1
1.0,35.0,3.0,4,900.0,0,0,0
0.0,4.0,2.0,2,817.0,0,0,0
0.0,87.0,3.0,4,1582.0,0,1,0
0.0,81.0,4.0,3,2111.0,0,0,1
0.0,61.0,3.0,3,2100.0,0,1,0
0.0,87.0,4.0,4,1800.0,1,1,0
0.0,96.0,2.0,2,1149.0,0,0,0
0.0,98.0,3.0,4,1740.0,0,1,0
0.0,94.0,3.0,2,1667.0,1,0,0
0.0,97.0,2.0,2,1075.0,0,0,0
0.0,83.0,3.0,3,2000.0,0,1,0
0.0,96.0,2.0,2,1457.0,1,0,0
0.0,87.0,3.0,3,1822.0,0,0,0
0.0,61.0,3.0,4,1607.0,0,1,0
1.0,25.0,3.0,4,900.0,0,0,0
0.0,93.0,2.0,2,1294.0,1,0,0
0.0,39.0,3.0,3,1697.0,0,0,0
0.0,80.0,2.0,2,1500.0,1,0,0
0.0,111.0,2.0,2,743.0,0,0,0
0.0,89.0,3.0,3,1154.0,1,0,0
0.0,92.0,3.0,3,1650.0,0,0,0
1.0,11.0,4.0,5,7000.0,0,0,0
0.0,109.0,2.0,2,1368.0,1,0,0
0.0,94.0,3.0,3,1668.0,0,0,0
0.0,75.0,3.0,3,2047.0,0,0,0
1.0,60.0,5.0,5,2646.0,0,0,0
0.0,55.0,5.0,4,3219.0,1,1,0
0.0,81.0,3.0,3,2150.0,0,0,0
0.0,92.0,3.0,3,1600.0,1,1,0
0.0,111.0,2.0,2,650.0,0,0,0
1.0,14.0,3.0,2,120.0,0,0,0
0.0,17.0,3.0,3,1806.0,0,0,0
0.0,17.0,3.0,4,2217.0,0,1,0
0.0,17.0,2.0,2,1350.0,1,0,0
0.0,87.0,3.0,3,1600.0,0,0,0
0.0,5.0,3.0,3,1741.0,0,0,0
0.0,68.0,2.0,3,1403.0,1,0,0
0.0,63.0,3.0,3,2131.0,1,0,0
0.0,15.0,4.0,5,2670.0,0,1,0
0.0,73.0,2.0,2,812.0,1,0,0
0.0,101.0,2.0,2,804.0,1,0,0
0.0,80.0,2.0,2,1222.0,1,0,0
0.0,55.0,3.0,3,1840.0,0,0,0
0.0,95.0,4.0,4,1970.0,0,1,0
0.0,89.0,3.0,4,2629.0,0,1,0
0.0,54.0,4.0,5,2167.0,0,0,0
0.0,75.0,3.0,4,2123.0,0,1,0
1.0,35.0,2.0,1,500.0,0,0,0
0.0,105.0,3.0,2,1661.0,0,0,0
0.0,97.0,3.0,3,1825.0,0,0,0
0.0,17.0,3.0,3,2599.0,1,1,0
0.0,88.0,2.0,2,1115.0,0,0,1
0.0,78.0,4.0,5,2172.0,0,1,0
0.0,55.0,3.0,4,2061.0,1,0,0
1.0,25.0,4.0,4,1557.0,0,0,0
0.0,9.0,4.0,5,2505.0,0,1,0
0.0,61.0,3.0,3,1900.0,0,1,0
0.0,94.0,4.0,4,3902.0,1,1,1
1.0,64.0,3.0,3,1650.0,0,0,1
0.0,111.0,2.0,2,1148.0,0,0,0
0.0,4.0,3.0,3,1644.0,0,0,0
0.0,10.0,3.0,3,1460.0,0,0,0
0.0,44.0,3.0,3,1450.0,0,0,0
0.0,54.0,3.0,3,2000.0,1,1,0
0.0,101.0,2.0,2,1371.0,1,0,0
0.0,39.0,3.0,3,1619.0,0,0,0
0.0,110.0,4.0,3,2007.0,0,1,0
1.0,57.0,4.0,4,3060.0,1,1,0
0.0,82.0,3.0,4,1577.0,1,1,0
0.0,89.0,3.0,3,1423.0,0,0,0
0.0,92.0,2.0,2,700.0,0,0,0
1.0,34.0,4.0,1,603.0,0,0,0
1.0,30.0,5.0,5,2700.0,1,1,1
0.0,87.0,3.0,3,1810.0,0,1,0
1.0,45.0,4.5,9,4800.0,0,0,1
0.0,111.0,3.0,2,1210.723472,0,0,0
0.0,57.0,3.0,3,2600.0,0,1,0
0.0,66.0,3.0,3,2738.0,0,1,0
0.0,73.0,3.0,4,3355.0,0,0,0
1.0,55.0,3.0,3,1900.0,0,0,1
0.0,76.0,2.0,2,581.0,0,0,0
0.0,96.0,3.0,3,1652.0,0,0,0
0.0,103.0,4.0,4,2139.0,0,1,0
1.0,102.0,3.0,3,2367.0,0,0,0
0.0,10.0,4.0,5,2343.0,0,0,0
1.0,7.0,2.0,2,450.0,0,0,0
0.0,73.0,3.0,3,1650.0,0,1,1
0.0,65.0,2.0,2,1432.0,1,0,0
0.0,92.0,1.0,1,444.0,0,0,0
0.0,111.0,1.0,1,378.0,0,0,0
0.0,89.0,3.0,3,2161.0,0,0,0
1.0,18.0,1.6666666666666667,5,2052.0,0,0,0
0.0,55.0,3.0,3,1471.12,0,0,1
0.0,6.0,3.0,3,1365.0,0,0,0
0.0,9.0,2.0,2,615.0,0,0,0
0.0,4.0,2.0,2,1230.0,0,0,0
1.0,67.0,3.0,2,612.0,0,0,0
1.0,75.0,5.0,3,200.0,0,0,0
1.0,62.0,1.8,9,1125.0,0,0,0
0.0,60.0,4.0,4,2477.0,0,0,0
0.0,111.0,2.0,2,1367.0,0,0,0
0.0,97.0,2.0,2,1484.0,0,0,0
1.0,25.0,6.0,4,1557.0,0,0,0
0.0,89.0,3.0,4,2141.0,0,1,0
0.0,105.0,3.0,3,1281.0,0,0,0
0.0,111.0,2.0,2,1131.0,1,0,0
0.0,10.0,3.0,4,1500.29,0,1,0
0.0,44.0,4.0,3,1808.0,0,0,0
0.0,10.0,2.0,2,1250.0,0,0,0
0.0,73.0,3.0,3,1556.0,0,0,1
0.0,16.0,2.0,3,2441.0,1,1,0
0.0,98.0,2.0,2,1339.0,1,0,0
0.0,105.0,4.0,3,1770.0,0,0,0
1.0,79.0,1.6666666666666667,3,963.0,0,0,0
0.0,99.0,3.0,3,2056.0,0,0,0
1.0,31.0,6.0,6,4518.0,1,1,0
0.0,93.0,2.0,2,1299.0,1,0,0
1.0,54.0,4.0,4,3240.0,0,0,0
0.0,109.0,2.0,2,552.0,0,0,0
0.0,62.0,4.0,3,2000.0,0,0,0
0.0,103.0,2.0,2,1222.0,1,0,0
1.0,112.0,1.0,4,535.0,0,0,0
0.0,105.0,4.0,3,2093.0,0,1,0
0.0,77.0,2.0,2,1460.0,0,0,0
0.0,6.0,2.0,2,1403.0,0,0,0
0.0,103.0,4.0,4,2512.0,0,1,1
1.0,90.0,2.0,3,900.0,0,0,0
0.0,69.0,2.0,2,1150.0,1,0,0
0.0,4.0,3.0,3,1676.0,0,0,0
0.0,89.0,2.0,2,1450.0,1,0,0
1.0,50.0,1.0,1,1242.0,0,0,0
0.0,6.0,4.0,4,2509.0,0,1,0
1.0,11.0,4.0,5,5400.0,0,1,0
0.0,82.0,3.0,4,1577.0,0,1,0
0.0,92.0,4.0,4,2491.0,0,1,0
0.0,69.0,3.0,4,2250.0,0,1,0
1.0,102.0,4.0,3,200.0,0,0,0
0.0,94.0,5.0,6,5711.0,0,1,0
0.0,111.0,3.0,2,1319.0,0,0,0
1.0,57.0,4.0,4,2700.0,0,1,0
0.0,68.0,4.0,5,2534.0,0,1,0
0.0,89.0,2.0,2,1172.0,0,0,0
1.0,11.0,5.0,5,6228.0,0,1,0
0.0,25.0,2.0,2,1416.0,1,0,0
0.0,103.0,3.0,3,1929.0,0,1,0
0.0,78.0,3.0,3,1210.0,0,1,0
0.0,81.0,3.0,4,2350.0,0,1,0
1.0,2.0,3.0,1,1337.4,0,0,0
0.0,85.0,2.0,2,1289.0,0,0,0
0.0,101.0,2.0,2,1228.0,1,0,0
0.0,103.0,3.0,3,1650.0,0,0,0
0.0,95.0,3.0,3,1674.0,1,1,1
1.0,30.0,5.0,6,2700.0,1,1,1
0.0,73.0,3.0,3,3027.0,1,1,0
0.0,78.0,4.0,4,1819.0,0,0,0
0.0,3.0,3.0,3,2200.0,0,0,0
0.0,95.0,3.0,3,1600.0,0,1,0
0.0,97.0,2.0,2,1630.0,0,0,0
0.0,96.0,4.0,4,1896.0,0,1,0
0.0,107.0,2.0,2,1364.0,0,0,0
1.0,81.0,3.0,2,667.0,0,0,0
0.0,81.0,3.0,2,2406.0,0,1,0
0.0,76.0,2.0,2,657.0,0,0,0
0.0,15.0,4.0,4,3056.0,0,0,0
0.0,105.0,3.0,2,1298.0,0,0,0
0.0,77.0,2.0,2,1250.0,0,0,0
0.0,83.0,4.0,4,2509.0,0,1,0
0.0,98.0,3.0,4,2068.0,0,1,0
0.0,70.0,3.0,3,2343.0,0,1,0
0.0,73.0,4.0,4,1975.0,1,1,0
0.0,105.0,2.0,2,1109.0,0,0,0
0.0,87.0,3.0,4,1829.0,0,1,0
0.0,92.0,3.0,3,1650.0,1,1,0
1.0,79.0,2.0,2,126.0,1,0,0
0.0,93.0,3.0,5,2000.0,0,1,0
0.0,68.0,3.0,4,2045.0,0,1,0
0.0,97.0,2.0,2,1400.0,0,0,0
0.0,80.0,2.0,2,1026.0,1,0,0
0.0,81.0,3.0,4,2127.0,0,1,1
0.0,107.0,2.0,2,610.0,0,0,0
1.0,57.0,5.0,5,3240.0,0,1,0
1.0,79.0,5.0,3,1350.0,1,1,0
1.0,54.0,3.0,4,2592.0,1,1,1
0.0,85.0,3.0,3,1938.0,0,1,0
1.0,19.0,10.0,10,400.0,0,0,0
0.0,44.0,3.0,3,1700.0,0,0,0
0.0,80.0,3.0,5,1527.0,0,1,0
0.0,5.0,4.0,6,2602.0,0,1,0
1.0,81.0,4.0,4,6000.0,1,1,1
0.0,43.0,2.0,2,833.0,0,0,0
0.0,38.0,4.0,5,2663.0,1,1,0
1.0,31.0,5.0,5,1800.0,1,1,1
0.0,95.0,3.0,3,1489.0,0,0,0
0.0,109.0,3.0,3,1790.0,0,1,0
0.0,101.0,3.0,3,1480.0,0,0,0
0.0,73.0,3.0,3,1867.0,0,0,0
0.0,81.0,3.0,3,1946.0,0,1,0
0.0,70.0,2.0,2,1500.0,0,0,0
0.0,103.0,2.0,2,1222.0,1,0,0
0.0,73.0,3.0,3,3043.0,1,1,0
0.0,43.0,3.0,3,1697.0,0,0,0
0.0,81.0,3.0,3,1450.0,0,0,0
0.0,17.0,3.0,2,1429.0,0,0,0
0.0,89.0,3.0,3,1200.0,1,0,0
0.0,55.0,3.0,3,1865.0,1,0,0
0.0,95.0,3.0,3,1700.0,0,1,0
0.0,98.0,2.0,2,646.0,0,0,0
1.0,64.0,4.0,5,2700.0,0,1,0
0.0,68.0,4.0,5,2604.0,0,1,0
0.0,97.0,2.0,3,1550.0,0,0,0
1.0,7.0,2.0,4,56.0,0,0,0
1.0,55.0,3.0,3,1386.0,0,0,0
0.0,105.0,3.0,3,833.0,0,0,0
0.0,27.0,3.0,4,2500.0,0,1,0
0.0,96.0,3.0,3,1525.0,0,0,0
0.0,96.0,1.0,1,387.0,0,0,0
0.0,39.0,3.0,4,129.42,0,1,0
1.0,55.0,5.0,5,3456.0,1,1,0
0.0,101.0,3.0,3,1423.0,0,0,0
1.0,59.0,3.0,3,1800.0,0,1,0
0.0,14.0,4.0,5,3077.0,0,1,1
0.0,4.0,3.0,3,1315.0,0,1,0
0.0,17.0,2.0,2,1199.0,0,0,0
1.0,55.0,4.0,4,60.0,0,0,0
1.0,30.0,4.0,3,1800.0,1,0,0
0.0,11.0,3.0,4,1860.0,0,1,0
0.0,93.0,3.0,4,1620.0,0,1,0
1.0,29.0,7.0,5,540.0,0,0,0
1.0,46.0,5.0,5,3660.0,0,0,0
1.0,54.0,4.0,5,4000.0,1,1,0
0.0,44.0,3.0,3,1561.0,0,0,0
0.0,27.0,3.0,3,2069.0,0,0,0
0.0,82.0,3.0,3,1577.0,0,1,0
0.0,103.0,2.0,3,1350.0,0,0,0
0.0,105.0,4.0,3,2533.0,0,1,0
0.0,2.0,3.0,2,1277.0,0,0,0
0.0,101.0,2.0,2,1103.0,1,0,0
0.0,43.0,3.0,3,1834.0,0,1,0
0.0,9.0,3.0,4,1950.0,0,1,0
0.0,97.0,3.0,4,1616.0,0,1,0
0.0,106.0,3.0,4,1350.0,0,0,0
0.0,89.0,3.0,2,1570.0,0,0,0
0.0,6.0,3.0,4,2303.0,0,1,0
0.0,54.0,3.0,3,1895.0,0,0,0
1.0,18.0,2.0,2,166.0,0,0,0
0.0,84.0,3.0,3,1622.0,0,1,0
1.0,56.0,2.0,2,900.0,0,0,0
0.0,103.0,4.0,4,2456.0,0,1,1
0.0,99.0,4.0,4,1745.0,1,1,0
0.0,4.0,2.0,2,1100.0,0,0,0
0.0,95.0,2.0,2,1127.0,0,0,0
0.0,108.0,3.0,4,2516.0,0,1,0
0.0,97.0,3.0,4,2225.0,0,0,0
1.0,13.0,2.0,2,450.0,0,0,0
0.0,111.0,2.0,1,476.0,0,0,0
1.0,50.0,4.0,4,1935.0,0,1,1
1.0,7.0,3.0,2,1200.0,0,0,0
1.0,29.0,7.0,7,3000.0,0,0,0
0.0,21.0,2.0,2,856.0,0,0,0
0.0,57.0,3.0,3,2600.0,0,1,0
0.0,95.0,3.0,4,1667.0,0,1,0
1.0,30.0,3.0,9,11111.0,0,0,0
0.0,111.0,2.0,2,577.0,0,0,0
0.0,10.0,3.0,3,1750.0,0,1,0
1.0,61.0,4.0,4,8036.0,1,1,1
1.0,25.0,8.0,9,7200.0,1,1,0
0.0,97.0,2.0,2,1484.0,0,0,0
0.0,78.0,4.0,4,1783.0,0,0,0
0.0,71.0,3.0,3,1642.0,0,1,0
0.0,10.0,3.0,3,1663.0,0,0,0
0.0,73.0,3.0,4,2754.0,0,1,0
1.0,11.0,5.0,6,3600.0,1,1,1
0.0,80.0,3.0,3,1527.0,0,1,0
0.0,109.0,2.0,2,600.0,0,0,0
0.0,105.0,3.0,2,1131.0,0,0,0
0.0,4.0,2.0,2,1100.0,0,0,0
0.0,111.0,2.0,2,833.0,0,0,0
0.0,44.0,3.0,3,1163.0,0,0,0
0.0,88.0,3.0,3,1900.0,0,1,0
0.0,105.0,4.0,4,2093.0,0,0,0
0.0,103.0,2.0,2,696.0,0,0,0
0.0,105.0,4.0,3,2104.0,0,1,0
1.0,93.0,4.0,4,3240.0,0,1,0
0.0,75.0,3.0,4,2016.0,0,1,0
0.0,4.0,3.0,3,1315.0,0,1,0
0.0,81.0,3.0,3,1750.0,0,1,0
0.0,9.0,2.0,2,1236.0,0,0,0
0.0,93.0,3.0,3,1800.0,1,0,0
0.0,97.0,3.0,4,1390.0,0,1,0
0.0,78.0,3.0,3,1428.0,0,0,0
0.0,9.0,3.0,4,2057.0,0,1,0
0.0,104.0,4.0,3,2578.0,1,0,0
0.0,59.0,3.0,3,2556.0,0,0,0
0.0,33.0,3.0,4,1700.0,0,1,0
0.0,98.0,3.0,4,1747.0,0,1,0
0.0,81.0,3.0,3,1600.0,1,1,0
0.0,107.0,3.0,3,1800.0,0,0,0
1.0,90.0,3.0,1,550.0,0,0,0
0.0,9.0,2.0,2,608.0,0,0,0
0.0,43.0,3.0,4,1660.0,0,1,0
0.0,106.0,2.0,2,661.0,0,0,0
0.0,6.0,3.0,4,2544.0,0,1,0
0.0,106.0,2.0,2,604.0,0,0,0
1.0,102.0,2.0,2,37.0,0,0,0
1.0,47.0,3.0,3,2250.0,0,0,0
0.0,71.0,3.0,3,3077.0,0,0,0
0.0,17.0,2.0,2,1424.0,1,0,0
1.0,38.0,4.0,4,1449.0,0,0,1
0.0,78.0,3.0,3,1428.0,0,0,0
0.0,6.0,1.0,1,301.0,0,0,0
0.0,68.0,3.0,4,2037.0,0,1,0
0.0,4.0,2.0,2,915.0,0,0,0
0.0,86.0,3.0,3,1672.0,0,0,0
0.0,112.0,3.0,3,1051.0,0,0,0
0.0,111.0,2.0,2,1131.0,1,0,0
1.0,34.0,3.0,1,1008.0,0,0,0
0.0,66.0,4.0,4,2567.0,0,1,0
0.0,96.0,3.0,3,1475.0,0,0,0
0.0,97.0,2.0,2,1464.0,0,0,1
0.0,111.0,2.0,2,535.0,0,0,0
1.0,57.0,5.0,7,7000.0,0,1,0
1.0,19.0,6.0,6,192.0,0,0,0
0.0,111.0,2.0,2,582.0,0,0,0
1.0,47.0,3.0,4,1350.0,0,0,0
0.0,105.0,4.0,4,1891.0,0,1,0
0.0,6.0,4.0,4,2851.0,0,1,0
0.0,61.0,4.0,5,3000.0,0,1,0
0.0,78.0,3.0,3,1640.0,0,0,0
0.0,0.0,3.0,3,1303.0,0,0,0
0.0,69.0,3.0,3,1766.0,0,0,0
1.0,50.0,1.0,1,1650.0,0,0,0
0.0,69.0,2.0,2,1041.0,1,0,0
0.0,39.0,3.0,2,1409.0,0,0,0
0.0,39.0,3.0,2,1484.0,0,0,0
0.0,4.0,3.0,3,1531.0,0,0,0
0.0,4.0,3.0,3,1388.0,0,1,0
0.0,89.0,3.0,4,1695.0,0,1,0
0.0,9.0,2.0,2,543.0,0,0,0
0.0,61.0,4.0,4,2076.0,0,1,0
0.0,5.0,3.0,3,1560.0,1,0,0
0.0,77.0,2.0,2,1180.0,0,0,0
0.0,74.0,3.0,3,1950.0,0,1,0
1.0,50.0,5.0,5,2700.0,1,1,0
0.0,55.0,5.0,5,3724.0,1,1,0
1.0,75.0,4.0,5,2259.0,1,0,1
0.0,39.0,3.0,2,118.0,1,0,0
0.0,101.0,2.0,2,1226.0,1,0,0
0.0,71.0,4.0,4,3150.0,0,0,0
1.0,30.0,5.0,6,3618.0,0,0,0
0.0,17.0,3.0,3,2098.0,0,1,0
0.0,65.0,3.0,4,2164.0,0,1,0
0.0,73.0,4.0,4,1975.0,1,1,0
1.0,63.0,5.0,6,1512.0,0,0,0
0.0,111.0,2.0,2,516.0,0,0,0
0.0,4.0,2.0,2,582.0,0,0,1
0.0,107.0,3.0,3,1720.0,0,0,1
0.0,103.0,3.0,3,1500.0,0,0,0
0.0,101.0,2.0,2,1226.0,1,0,0
1.0,7.0,3.0,3,1125.0,0,0,0
0.0,9.0,3.0,2,717.0,0,0,0
0.0,103.0,4.0,5,2248.0,1,1,0
0.0,108.0,2.0,3,1611.0,0,1,0
0.0,6.0,3.0,4,2018.0,0,1,0
0.0,25.0,3.0,3,1611.0,0,0,0
0.0,109.0,2.0,2,1430.0,1,0,0
0.0,111.0,2.0,2,650.0,0,0,0
0.0,10.0,2.0,3,978.223232,1,1,1
1.0,18.0,3.0,7,3750.0,0,0,1
0.0,97.0,3.0,3,2032.0,0,0,0
0.0,33.0,3.0,3,1240.0,0,0,0
1.0,52.0,4.0,3,90.0,1,0,0
0.0,87.0,2.0,2,1489.0,0,0,0
1.0,13.0,10.0,6,3500.0,0,0,0
0.0,63.0,4.0,4,2600.0,0,0,1
0.0,111.0,1.0,1,600.0,0,0,0
0.0,97.0,4.0,5,2545.0,0,0,0
0.0,3.0,3.0,3,2081.0,0,1,0
0.0,83.0,4.0,5,2800.0,0,1,0
0.0,81.0,2.0,2,1262.0,0,0,0
0.0,9.0,2.0,2,1236.0,0,0,0
0.0,105.0,3.0,2,1300.0,0,0,0
0.0,11.0,3.0,3,1946.0,0,1,0
0.0,5.0,3.0,3,1464.0,0,0,0
0.0,99.0,2.0,2,1452.0,0,0,0
0.0,30.0,5.0,5,5778.0,1,1,0
0.0,10.0,3.0,3,2120.0,0,1,0
0.0,80.0,2.0,2,1222.0,1,0,0
0.0,81.0,3.0,4,2127.0,0,1,0
0.0,97.0,3.0,4,2400.0,0,1,0
0.0,27.0,3.0,3,1860.0,0,0,0
0.0,2.0,3.0,3,1526.0,0,0,0
1.0,25.0,6.0,6,3611.0,0,0,0
0.0,95.0,2.0,2,1300.0,0,0,0
0.0,8.0,3.0,2,1359.0,0,0,0
0.0,85.0,2.0,2,1200.0,0,0,0
0.0,101.0,3.0,3,1910.0,0,0,0
0.0,95.0,3.0,3,1350.0,0,1,0
0.0,6.0,4.0,5,3000.0,1,1,1
0.0,15.0,2.0,2,1338.0,1,0,0
0.0,6.0,2.0,2,1148.0,0,0,0
0.0,95.0,3.0,3,1600.0,0,1,0
0.0,9.0,2.0,2,627.0,0,0,0
0.0,2.0,3.0,3,1900.0,0,1,0
0.0,89.0,2.0,2,1012.0,0,0,0
0.0,9.0,3.0,4,2137.0,0,1,1
0.0,80.0,3.0,3,1527.0,1,1,0
0.0,4.0,4.0,4,3178.0,0,0,0
0.0,77.0,2.0,2,1130.0,0,0,0
0.0,2.0,3.0,2,1696.0,0,0,0
0.0,75.0,3.0,3,2029.0,0,1,0
0.0,59.0,4.0,3,2091.0,0,1,0
0.0,10.0,3.0,4,2003.0,0,0,0
1.0,30.0,5.0,5,3618.0,1,1,0
0.0,101.0,3.0,2,1403.0,0,0,1
0.0,47.0,2.0,2,1056.0,0,0,0
0.0,107.0,2.0,2,990.0,0,0,0
0.0,89.0,3.0,3,1165.0,1,0,0
0.0,11.0,1.0,1,965.0,0,0,0
1.0,53.0,1.0,4,576.0,0,0,0
0.0,50.0,3.0,4,2125.0,0,0,0
0.0,16.0,3.0,3,2600.0,0,0,0
1.0,55.0,5.0,4,3420.0,1,1,1
0.0,87.0,3.0,4,1611.0,0,1,0
0.0,97.0,3.0,4,2398.0,0,1,0
0.0,10.0,3.0,3,1338.29,1,1,0
0.0,111.0,2.0,2,1144.0,0,0,0
0.0,96.0,3.0,3,1833.0,0,1,0
0.0,51.0,3.0,3,195.0,0,1,0
0.0,73.0,4.0,4,2194.0,0,0,1
0.0,10.0,4.0,5,2779.0,0,1,0
0.0,73.0,3.0,3,1600.0,1,1,0
0.0,111.0,2.0,2,699.0,0,0,0
0.0,43.0,3.0,3,1593.0,0,0,0
0.0,69.0,2.0,2,1533.0,0,1,0
0.0,100.0,2.0,4,1350.0,1,0,0
0.0,68.0,3.0,3,2300.0,0,1,0
0.0,82.0,2.0,2,557.0,0,0,0
1.0,54.0,4.0,5,4000.0,1,1,0
1.0,102.0,9.0,9,2610.0,1,0,0
0.0,14.0,4.0,5,3077.0,0,1,0
1.0,21.0,5.0,5,4518.0,0,0,0
0.0,80.0,3.0,5,2167.0,0,1,0
1.0,12.0,2.0,1,900.0,0,0,0
1.0,18.0,1.0,1,1800.0,0,1,0
0.0,92.0,3.0,3,1550.0,1,1,0
1.0,11.0,5.0,6,5400.0,0,1,0
0.0,107.0,1.0,1,3569.0,0,0,0
0.0,71.0,3.0,3,2034.0,0,0,0
0.0,83.0,4.0,5,3374.0,1,1,1
0.0,8.0,3.0,4,1186.0,0,1,0
1.0,31.0,4.0,3,8829.0,0,0,0
0.0,4.0,4.0,5,2600.0,0,1,0
0.0,55.0,3.0,3,1633.0,0,0,0
0.0,55.0,3.0,3,2030.0,0,0,0
0.0,111.0,2.0,2,1095.0,0,0,0
0.0,73.0,2.0,2,1141.0,0,0,0
0.0,111.0,3.0,3,1281.0,0,0,0
0.0,43.0,2.0,2,1068.1,0,0,0
1.0,55.0,3.0,3,1701.0,0,0,0
0.0,34.0,2.0,2,1056.0,0,0,0
0.0,1.0,4.0,5,5249.0,1,1,0
0.0,74.0,2.0,3,1470.0,0,1,0
0.0,89.0,2.0,2,1611.0,0,0,0
0.0,63.0,1.0,1,672.0,0,0,0
0.0,73.0,2.0,2,1140.0,0,0,0
0.0,43.0,3.0,3,1350.0,0,0,0
0.0,87.0,2.0,2,1140.0,0,0,1
1.0,72.0,3.0,3,2771.0,0,1,0
0.0,103.0,3.0,4,1697.0,0,1,0
0.0,61.0,3.0,3,1991.0,0,1,0
0.0,99.0,3.0,3,1993.0,0,0,0
1.0,11.0,4.0,4,5400.0,0,1,0
0.0,111.0,2.0,2,521.0,0,0,0
0.0,6.0,3.0,4,2072.0,0,1,0
0.0,54.0,3.0,5,3200.0,0,1,0
0.0,17.0,4.0,4,2553.0,0,1,0
0.0,15.0,3.0,4,2086.0,0,1,0
0.0,27.0,2.0,2,1200.0,0,0,0
0.0,103.0,3.0,3,1572.0,0,0,0
1.0,20.0,3.0,3,2250.0,0,0,0
0.0,83.0,4.0,5,2376.0,0,1,0
0.0,92.0,3.0,4,1854.0,0,1,0
0.0,92.0,3.0,4,1825.0,0,1,0
0.0,103.0,4.0,4,2468.0,0,1,0
0.0,7.0,3.0,2,1056.0,0,0,0
0.0,55.0,3.0,4,2060.0,1,0,0
0.0,54.0,3.0,3,1869.0,0,0,0
0.0,107.0,2.0,2,571.0,0,0,0
0.0,92.0,3.0,3,1881.0,0,1,0
0.0,0.0,3.0,3,1529.0,0,0,0
1.0,47.0,3.0,3,57.0,0,0,0
0.0,39.0,2.0,2,1253.0,0,0,0
1.0,98.0,4.0,5,3194.0,0,1,0
0.0,4.0,3.0,3,1653.0,0,0,0
0.0,80.0,4.0,5,2169.0,0,1,0
0.0,10.0,4.0,5,2343.0,1,1,0
0.0,89.0,3.0,4,1643.0,0,1,0
0.0,107.0,2.0,2,1234.0,0,0,0
0.0,57.0,3.0,3,2357.0,0,1,0
0.0,109.0,2.0,2,577.0,0,0,0
0.0,109.0,3.0,5,1807.0,0,1,0
0.0,89.0,3.0,3,2244.0,0,0,0
0.0,14.0,2.0,1,543.0,0,0,0
0.0,111.0,2.0,2,711.0,0,0,0
0.0,101.0,3.0,3,1288.0,1,0,0
1.0,31.0,5.0,5,4518.0,1,1,1
1.0,104.0,4.0,4,3400.0,1,1,1
1.0,50.0,5.0,4,1836.0,0,1,0
0.0,50.0,3.0,3,1527.0,0,0,1
0.0,60.0,3.0,4,3222.0,0,1,0
0.0,17.0,3.0,3,2210.0,0,1,0
1.0,79.0,2.0,4,900.0,0,1,0
0.0,95.0,3.0,3,1387.0,0,1,0
0.0,80.0,3.0,4,1527.0,0,1,0
0.0,4.0,3.0,4,1945.0,1,1,0
0.0,50.0,4.0,4,2801.0,0,0,0
1.0,64.0,3.0,3,2160.0,0,1,0
0.0,77.0,2.0,2,1311.0,0,0,0
0.0,6.0,2.0,2,514.0,0,0,0
0.0,11.0,3.0,4,1797.0,0,1,0
1.0,47.0,1.0,1,432.0,0,0,0
0.0,105.0,3.0,4,1805.0,0,1,0
1.0,57.0,4.0,5,4500.0,0,1,0
0.0,92.0,3.0,4,2280.0,0,1,0
0.0,75.0,3.0,3,2200.0,0,1,0
0.0,73.0,3.0,3,1650.0,0,1,0
0.0,59.0,5.0,5,5200.0,0,0,0
0.0,111.0,3.0,3,1600.0,0,0,0
0.0,92.0,3.0,2,1352.0,0,0,0
0.0,111.0,2.0,2,1184.0,1,0,0
1.0,84.0,5.0,8,9000.0,1,1,1
0.0,54.0,3.0,3,1700.0,0,0,0
1.0,7.0,3.0,3,450.0,0,0,0
0.0,17.0,3.0,4,2600.0,0,1,0
0.0,74.0,3.0,4,2200.0,0,1,0
0.0,78.0,3.0,4,2056.0,0,0,0
0.0,70.0,4.0,4,3925.0,1,0,0
0.0,78.0,3.0,3,1428.0,0,0,0
1.0,67.0,4.0,2,1600.0,0,0,0
0.0,86.0,3.0,4,2937.0,0,0,0
0.0,4.0,3.0,3,2222.0,1,1,1
0.0,110.0,3.0,3,1433.0,0,0,0
0.0,111.0,2.0,2,720.0,0,0,0
0.0,111.0,2.0,2,939.0,0,0,0
0.0,92.0,3.0,3,1700.0,0,1,0
0.0,34.0,2.0,2,1161.0,0,0,0
0.0,110.0,4.0,3,1833.0,0,0,0
0.0,4.0,3.0,3,1315.0,0,1,0
0.0,95.0,2.0,2,1154.0,0,0,0
0.0,10.0,4.0,5,2204.25,0,1,0
0.0,105.0,4.0,5,1895.0,0,0,0
0.0,98.0,2.0,2,573.0,0,0,0
1.0,52.0,5.0,4,1449.0,0,1,0
0.0,58.0,1.0,1,80.0,1,0,0
1.0,64.0,4.0,4,1620.0,0,0,1
0.0,89.0,3.0,4,1659.0,0,1,0
0.0,61.0,3.0,4,1875.0,0,1,0
0.0,105.0,2.0,2,1000.0,0,0,0
0.0,4.0,3.0,3,2351.0,1,1,1
0.0,4.0,3.0,3,1413.0,0,1,0
1.0,31.0,6.0,8,4518.0,1,1,1
1.0,22.0,2.0,6,1440.0,0,0,0
0.0,4.0,4.0,5,2894.0,0,1,0
0.0,79.0,3.0,2,1100.0,0,0,0
0.0,6.0,3.0,3,1529.0,0,0,0
0.0,66.0,3.0,4,3361.0,0,1,0
0.0,55.0,4.0,3,2492.0,0,0,0
0.0,65.0,2.0,2,1528.0,0,0,0
0.0,92.0,4.0,5,2577.0,0,1,0
0.0,2.0,4.0,6,2611.0,1,1,0
0.0,97.0,3.0,5,2179.0,0,0,0
0.0,107.0,1.0,1,407.0,0,0,0
0.0,92.0,4.0,5,2882.0,0,1,0
0.0,111.0,2.0,2,822.0,0,0,0
0.0,73.0,3.0,3,1828.0,0,0,0
0.0,4.0,3.0,4,2334.0,1,0,0
0.0,83.0,4.0,4,3846.0,1,1,0
0.0,89.0,3.0,3,1265.0,1,0,0
0.0,2.0,3.0,2,1508.0,0,0,0
0.0,14.0,5.0,5,3511.0,0,1,0
0.0,5.0,2.0,2,1089.0,0,0,0
0.0,73.0,2.0,2,1592.0,0,0,0
1.0,11.0,4.0,5,3600.0,1,1,0
0.0,44.0,2.0,2,860.0,0,0,0
0.0,66.0,3.0,3,2550.0,0,0,0
0.0,5.0,4.0,6,2456.0,0,1,0
0.0,95.0,3.0,3,1500.0,0,0,0
0.0,96.0,4.0,4,1896.0,1,0,0
0.0,63.0,3.0,2,1585.0,0,0,1
0.0,97.0,4.0,4,2600.0,0,0,0
0.0,29.0,3.0,4,3201.0,0,1,0
0.0,4.0,3.0,4,2000.0,1,1,0
1.0,13.0,6.0,4,2700.0,0,0,0
0.0,4.0,3.0,3,1653.0,0,0,0
0.0,81.0,2.0,2,930.0,0,0,0
1.0,50.0,5.0,5,2250.0,0,1,0
0.0,43.0,2.0,3,1300.0,1,0,0
0.0,67.0,2.0,2,790.0,0,0,0
0.0,78.0,2.0,3,1222.0,0,0,0
0.0,9.0,3.0,3,1554.0,0,0,0
0.0,111.0,3.0,2,1120.0,0,0,0
0.0,73.0,3.0,3,1493.0,1,1,0
0.0,39.0,2.0,2,1095.0,1,0,0
0.0,39.0,2.0,2,724.0,0,0,0
0.0,43.0,3.0,3,1500.0,0,0,0
0.0,61.0,3.0,4,1875.0,0,1,0
0.0,111.0,2.0,2,922.0,0,0,0
0.0,97.0,4.0,5,2017.0,0,1,0
0.0,9.0,3.0,3,1690.0,0,0,0
0.0,111.0,2.0,2,4986.0,0,0,0
1.0,31.0,3.0,3,1350.0,0,0,0
1.0,18.0,2.0,1,360.0,0,0,0
0.0,80.0,3.0,5,1527.0,0,1,0
0.0,97.0,2.0,2,1491.0,0,0,1
0.0,11.0,4.0,5,2765.0,0,0,0
0.0,11.0,3.0,3,1550.0,0,0,0
1.0,52.0,2.6666666666666665,8,1836.0,1,0,0
0.0,97.0,4.0,5,2545.0,0,1,0
0.0,77.0,3.0,2,1365.0,0,0,0
0.0,98.0,2.0,2,1360.0,0,0,0
0.0,65.0,3.0,4,2000.0,1,1,0
0.0,105.0,2.0,2,1498.0,0,0,0
0.0,8.0,4.0,6,1535.0,0,1,0
0.0,55.0,1.0,2,746.0,0,0,0
0.0,11.0,4.0,4,2380.0,0,1,0
0.0,1.0,4.0,4,5430.0,0,1,0
0.0,55.0,1.0,1,720.0,0,0,0
1.0,83.0,4.0,5,7000.0,0,0,0
0.0,14.0,4.0,4,3077.0,0,1,0
1.0,57.0,3.0,2,2160.0,0,0,0
0.0,103.0,4.0,4,2005.0,0,0,0
0.0,97.0,4.0,5,2017.0,0,1,0
0.0,111.0,2.0,2,1016.0,0,0,0
1.0,20.0,3.0,3,4518.0,1,1,0
1.0,81.0,4.0,4,6000.0,0,1,0
0.0,98.0,2.0,2,1339.0,1,0,0
1.0,50.0,5.0,5,2700.0,0,1,0
0.0,50.0,4.0,4,2398.0,0,0,0
0.0,111.0,3.0,3,1344.0,0,0,0
1.0,18.0,8.0,8,4800.0,1,1,0
0.0,111.0,2.0,2,916.0,0,0,0
0.0,111.0,2.0,2,1350.0,0,0,0
0.0,101.0,3.0,3,1473.0,1,0,0
0.0,6.0,3.0,3,1490.0,0,0,0
0.0,103.0,3.0,3,1540.0,1,0,0
0.0,111.0,2.0,2,524.0,0,0,0
0.0,96.0,4.0,4,3165.0,0,1,0
0.0,39.0,3.0,3,1439.0,0,0,0
0.0,6.0,4.0,4,2800.0,0,1,1
1.0,25.0,1.0,1,900.0,0,0,0
0.0,4.0,3.0,4,1748.0,0,1,0
1.0,56.0,5.0,5,3400.0,0,0,0
1.0,57.0,4.0,4,4500.0,0,1,0
1.0,93.0,3.0,3,1700.0,0,0,0
1.0,79.0,10.0,5,2700.0,1,1,0
0.0,16.0,2.0,2,2441.0,0,0,0
0.0,70.0,2.0,2,1365.0,0,1,0
0.0,98.0,2.0,2,557.0,0,0,0
0.0,57.0,3.0,4,2819.0,0,1,0
1.0,53.0,8.0,6,3240.0,1,1,0
0.0,41.0,1.0,1,436.0,0,0,0
0.0,73.0,4.0,4,2194.0,1,1,0
1.0,50.0,5.0,5,3323.0,1,1,0
0.0,103.0,3.0,4,1608.0,0,1,0
0.0,70.0,3.0,3,2876.0,0,1,0
0.0,33.0,2.0,2,1050.0,0,0,0
0.0,110.0,4.0,4,2580.0,0,0,0
1.0,30.0,5.0,4,1350.0,0,0,0
0.0,105.0,3.0,2,1333.0,0,0,0
0.0,73.0,3.0,3,1828.0,0,0,0
1.0,18.0,6.0,6,2228.0,0,0,0
0.0,57.0,3.0,3,2357.0,0,1,0
0.0,78.0,3.0,3,1325.0,0,0,0
0.0,89.0,4.0,5,2675.0,0,1,0
0.0,63.0,4.0,4,2300.0,0,0,0
0.0,63.0,3.0,3,1450.0,0,0,0
0.0,111.0,2.0,2,995.0,0,0,0
1.0,48.0,3.0,3,900.0,1,0,1
0.0,92.0,4.0,4,2599.0,0,1,0
1.0,31.0,6.0,8,4500.0,1,1,1
0.0,97.0,4.0,5,2013.0,1,0,0
0.0,111.0,2.0,2,1081.0,0,0,0
0.0,73.0,3.0,3,1667.0,0,0,0
0.0,95.0,3.0,3,1200.0,1,1,1
0.0,105.0,3.0,3,1738.0,0,0,0
0.0,104.0,4.0,4,2465.0,0,1,0
1.0,57.0,4.0,4,3200.0,0,0,0
0.0,93.0,3.0,4,1774.0,0,0,0
0.0,4.0,3.0,3,1852.0,0,0,0
0.0,39.0,3.0,3,1500.0,0,1,0
0.0,69.0,2.0,2,1278.0,1,0,0
0.0,93.0,3.0,3,1955.0,1,1,0
0.0,95.0,3.0,3,1600.0,0,1,0
0.0,70.0,2.0,2,1200.0,1,0,0
1.0,75.0,6.0,7,3600.0,1,1,0
0.0,8.0,4.0,5,1535.0,0,1,0
0.0,9.0,3.0,2,717.0,0,0,0
0.0,17.0,2.0,2,1080.0,0,0,0
0.0,9.0,2.0,2,543.0,0,0,0
0.0,92.0,3.0,2,1352.0,0,0,0
1.0,50.0,10.0,10,549.0,0,1,0
1.0,7.0,3.0,2,720.0,0,0,0
0.0,99.0,2.0,2,1463.0,1,0,0
0.0,95.0,2.0,2,1150.0,0,0,0
0.0,6.0,3.0,4,2544.0,0,0,0
0.0,11.0,3.0,4,1860.0,1,1,1
0.0,4.0,3.0,3,1300.0,0,1,0
1.0,25.0,3.0,3,1557.0,0,0,0
1.0,30.0,4.0,4,3618.0,0,1,0
0.0,43.0,4.0,5,2343.0,1,1,0
0.0,111.0,2.0,2,913.0,0,0,0
0.0,111.0,2.0,2,605.0,0,0,0
0.0,4.0,3.0,4,1757.0,0,1,0
1.0,54.0,4.0,4,3240.0,0,1,1
1.0,61.0,9.0,9,60.0,0,1,0
0.0,73.0,4.0,4,2194.0,1,1,0
1.0,30.0,5.0,5,3096.0,1,1,1
0.0,96.0,3.0,3,1561.0,1,0,0
0.0,86.0,2.0,2,823.0,0,0,0
0.0,54.0,3.0,4,2574.0,0,0,0
1.0,33.0,2.0,8,900.0,0,0,0
1.0,28.0,3.0,3,2000.0,0,0,1
0.0,111.0,2.0,2,1100.0,1,0,0
0.0,44.0,3.0,3,2283.0,0,0,0
1.0,73.0,4.0,4,3600.0,1,1,0
0.0,107.0,2.0,2,694.0,0,0,0
1.0,31.0,4.0,4,1800.0,0,0,1
1.0,47.0,2.0,2,450.0,1,1,0
1.0,31.0,2.6666666666666665,5,1800.0,0,0,0
0.0,97.0,3.0,3,1350.0,0,0,0
0.0,78.0,3.0,3,1291.0,0,0,0
0.0,91.0,3.0,3,1580.0,0,1,0
0.0,78.0,4.0,4,1819.0,0,0,0
0.0,98.0,3.0,4,1800.0,0,1,0
0.0,97.0,2.0,2,1670.0,0,0,0
0.0,44.0,4.0,4,2211.0,1,1,0
0.0,4.0,2.0,2,1073.0,0,0,0
1.0,111.0,1.0,1,33.0,0,0,0
1.0,11.0,4.0,4,5400.0,1,1,0
1.0,30.0,9.0,9,2844.0,0,0,0
0.0,92.0,2.0,2,1194.0,0,0,0
0.0,92.0,3.0,4,1558.0,0,1,0
0.0,69.0,3.0,3,1721.0,0,0,0
1.0,54.0,5.0,7,2727.0,0,1,0
0.0,69.0,2.0,2,1333.0,1,0,0
0.0,39.0,3.0,4,1398.0,0,1,0
0.0,44.0,3.0,3,778.0,0,0,0
1.0,81.0,5.0,4,2700.0,1,0,0
0.0,11.0,3.0,4,2100.0,0,1,0
0.0,80.0,3.0,2,1350.0,0,0,0
0.0,47.0,2.0,2,722.0,0,0,0
0.0,2.0,4.0,4,2946.0,0,0,0
0.0,101.0,3.0,3,1774.0,0,0,0
0.0,94.0,4.0,4,2273.0,0,0,0
0.0,95.0,4.0,4,2167.0,0,1,0
0.0,75.0,3.0,3,2047.0,0,0,0
0.0,25.0,1.0,1,722.0,0,0,0
0.0,87.0,3.0,4,1600.0,0,1,0
1.0,63.0,2.0,2,1449.0,0,0,0
0.0,73.0,3.0,3,1650.0,0,0,0
0.0,43.0,2.0,3,1299.0,1,0,0
1.0,30.0,6.0,6,2844.0,0,0,1
0.0,2.0,3.0,4,2480.0,0,0,0
1.0,47.0,2.0,1,75.0,0,0,0
1.0,38.0,4.0,4,1557.0,1,1,0
0.0,97.0,3.0,4,2179.0,0,1,0
0.0,8.0,3.0,4,1186.0,0,1,0
1.0,18.0,5.0,5,1350.0,0,0,0
0.0,81.0,2.0,2,1402.0,0,0,0
0.0,75.0,3.0,3,200.0,0,0,0
0.0,92.0,2.0,2,1231.0,0,0,0
0.0,73.0,3.0,3,1081.0,1,0,0
0.0,57.0,3.0,3,2491.0,0,1,0
0.0,111.0,2.0,2,1175.97,1,0,0
0.0,68.0,4.0,5,2534.0,0,1,0
1.0,64.0,4.0,4,1728.0,1,1,0
0.0,44.0,3.0,3,1699.0,0,0,0
0.0,77.0,3.0,3,1845.0,0,0,0
0.0,9.0,2.0,2,1204.0,0,0,0
1.0,18.0,1.0,1,2000.0,0,0,0
0.0,111.0,2.0,2,619.0,0,0,0
1.0,90.0,1.0,1,556.0,0,0,0
0.0,8.0,2.0,2,1120.0,0,0,0
0.0,9.0,2.0,2,1236.0,0,0,0
0.0,76.0,4.0,4,2556.0,0,0,0
0.0,69.0,3.0,3,1595.0,0,1,0
1.0,13.0,2.0,6,1215.0,0,0,0
0.0,92.0,3.0,3,1929.0,0,1,0
0.0,65.0,2.0,2,1244.0,0,0,0
0.0,82.0,1.0,1,294.0,0,0,0
0.0,29.0,3.0,4,3700.0,1,1,0
0.0,92.0,2.0,2,1150.0,0,0,0
0.0,103.0,2.0,3,1502.0,1,0,0
0.0,43.0,3.0,3,1581.0,1,0,0
0.0,10.0,3.0,2,1991.0,0,0,0
0.0,94.0,4.0,4,2179.0,0,1,0
1.0,54.0,3.0,4,2592.0,1,1,1
0.0,111.0,3.0,2,1201.0,0,0,0
0.0,5.0,4.0,6,2718.0,0,1,0
0.0,39.0,2.0,2,1253.0,0,0,0
0.0,97.0,3.0,3,2129.0,0,1,0
1.0,16.0,5.0,5,7450.0,0,1,0
1.0,47.0,4.0,4,1800.0,0,0,0
0.0,9.0,3.0,3,1547.0,0,0,0
0.0,2.0,3.0,3,1900.0,0,1,0
0.0,8.0,3.0,4,1305.0,1,1,0
1.0,102.0,2.0,2,558.0,0,0,0
1.0,6.0,3.5,3,1170.0,0,0,0
0.0,107.0,1.0,1,3569.0,0,0,0
0.0,33.0,3.0,5,2590.0,0,0,0
0.0,97.0,2.0,2,1822.0,0,1,0
0.0,108.0,4.0,4,3225.0,0,0,0
0.0,8.0,2.0,2,940.0,0,0,0
0.0,77.0,3.0,3,1798.0,0,0,0
0.0,5.0,2.0,2,1450.0,0,0,0
0.0,92.0,2.0,2,667.0,0,0,0
1.0,55.0,6.0,6,2880.0,1,1,1
0.0,9.0,3.0,2,717.0,0,0,0
1.0,62.0,1.0,4,60.0,0,0,1
0.0,111.0,2.0,2,591.0,0,0,0
0.0,37.0,3.0,5,2367.0,0,1,0
1.0,39.0,4.0,4,7000.0,1,1,1
1.0,47.0,2.0,1,4635.0,0,0,0
1.0,105.0,4.0,4,5000.0,1,0,0
0.0,105.0,4.0,3,1778.0,0,0,0
0.0,105.0,3.0,3,1765.0,0,1,0
1.0,101.0,3.0,3,1423.0,1,0,0
0.0,96.0,3.0,3,1584.0,0,0,0
0.0,104.0,2.0,2,1302.0,0,0,0
0.0,74.0,3.0,4,2200.0,0,1,1
1.0,22.0,4.0,4,3000.0,0,0,0
1.0,20.0,3.0,3,3249.0,0,0,0
0.0,5.0,3.0,3,1670.0,0,0,0
0.0,57.0,3.0,3,2400.0,0,1,0
1.0,57.0,5.0,6,3240.0,1,1,1
0.0,107.0,2.0,2,896.0,0,0,0
0.0,48.0,1.0,1,300.0,0,0,0
0.0,39.0,2.0,2,1252.0,0,0,0
0.0,5.0,3.0,4,2012.0,1,1,0
0.0,74.0,5.0,5,3321.0,0,1,0
0.0,26.0,5.0,4,2172.0,0,0,0
0.0,103.0,2.0,2,575.0,0,0,0
0.0,33.0,1.0,1,995.0,1,0,0
0.0,78.0,4.0,5,2910.0,0,0,0
0.0,101.0,3.0,3,1581.0,1,0,0
0.0,63.0,3.0,3,2400.0,0,1,0
0.0,34.0,2.0,2,900.0,0,0,0
0.0,97.0,2.0,2,1130.0,0,0,0
1.0,22.0,2.0,1,891.0,0,0,0
1.0,112.0,1.6666666666666667,4,725.0,0,0,0
1.0,49.0,9.0,8,2475.0,0,1,0
1.0,69.0,3.0,3,1549.0,0,0,0
0.0,55.0,3.0,3,1556.0,0,1,0
0.0,44.0,3.0,3,1000.0,0,0,1
1.0,10.0,4.0,4,3000.0,0,0,0
0.0,81.0,2.0,2,1416.0,0,0,0
0.0,105.0,3.0,2,1240.0,0,0,0
0.0,11.0,4.0,4,2765.0,0,1,0
0.0,4.0,3.0,3,2099.0,1,0,1
0.0,98.0,3.0,4,1339.0,1,0,0
0.0,92.0,4.0,4,3850.0,1,1,0
0.0,71.0,4.0,4,3950.0,0,0,0
1.0,72.0,6.0,6,3132.0,0,0,1
0.0,74.0,3.0,2,1700.0,0,1,0
0.0,17.0,2.0,2,1155.0,0,0,0
0.0,44.0,3.0,3,1675.0,0,0,0
0.0,73.0,2.0,2,1592.0,1,0,0
0.0,82.0,4.0,4,2127.0,0,1,0
0.0,72.0,3.0,3,2153.0,0,0,0
1.0,57.0,3.0,9,2160.0,1,1,0
0.0,108.0,3.0,4,2400.0,0,0,0
0.0,61.0,3.0,4,2329.0,0,1,0
1.0,29.0,4.0,4,2844.0,1,1,1
0.0,98.0,2.0,2,668.0,0,0,0
0.0,92.0,3.0,4,2315.0,1,1,0
1.0,74.0,4.0,4,5574.7,0,1,1
0.0,101.0,3.0,3,1581.0,1,0,0
0.0,73.0,4.0,4,12222.0,0,1,0
1.0,33.0,2.0,6,1350.0,0,0,0
0.0,107.0,3.0,2,811.0,1,0,0
0.0,5.0,2.0,2,1365.0,0,0,0
0.0,97.0,2.0,2,1300.0,0,0,0
0.0,80.0,2.0,2,1444.0,0,0,0
0.0,6.0,3.0,3,2072.0,0,1,0
0.0,12.0,3.0,3,1833.0,0,0,0
0.0,97.0,2.0,2,1491.0,0,0,1
0.0,4.0,2.0,2,1100.0,0,0,0
0.0,9.0,2.0,2,543.0,0,0,0
0.0,78.0,3.0,3,1492.0,0,0,0
0.0,93.0,4.0,5,2195.0,0,1,0
1.0,25.0,6.0,5,2430.0,0,1,0
0.0,89.0,3.0,4,2031.0,0,1,0
0.0,111.0,2.0,2,913.0,0,0,0
0.0,16.0,3.0,5,3405.0,0,1,0
1.0,11.0,5.0,6,7000.0,1,1,0
1.0,51.0,5.0,8,4500.0,1,1,1
0.0,4.0,2.0,2,915.0,0,0,0
0.0,43.0,3.0,1,1820.0,0,0,0
0.0,89.0,2.0,2,1556.0,1,1,1
0.0,57.0,3.0,4,2470.0,0,1,0
0.0,16.0,3.0,5,3000.0,0,1,0
0.0,54.0,3.0,3,2364.0,0,1,0
1.0,11.0,4.0,4,5400.0,0,0,0
0.0,0.0,3.0,3,1357.0,0,0,0
0.0,95.0,3.0,3,1549.0,0,1,0
0.0,105.0,2.0,2,1083.0,0,0,0
1.0,112.0,2.0,1,900.0,0,0,0
0.0,6.0,3.0,4,2061.0,1,1,0
0.0,103.0,3.0,3,1603.0,0,0,0
0.0,16.0,2.0,2,1500.0,1,1,1
0.0,76.0,3.0,3,1584.0,1,0,0
0.0,105.0,3.0,2,1556.0,0,0,0
0.0,6.0,3.0,2,695.0,0,0,0
0.0,111.0,2.0,2,535.0,0,0,0
0.0,72.0,2.0,2,1400.0,0,0,0
0.0,73.0,3.0,3,1833.0,1,1,0
0.0,44.0,3.0,3,1639.0,0,0,0
0.0,97.0,3.0,3,141.0,0,0,0
1.0,53.0,1.75,6,1728.0,0,0,0
1.0,25.0,9.0,9,2430.0,0,0,0
0.0,40.0,2.0,2,590.0,0,0,0
0.0,5.0,3.0,3,1620.0,1,0,0
0.0,97.0,2.0,3,1576.0,0,0,1
0.0,4.0,3.0,3,1493.0,0,1,0
0.0,69.0,2.0,2,1333.0,1,0,0
0.0,44.0,4.0,3,2091.0,0,0,0
0.0,63.0,3.0,3,1900.0,1,1,0
0.0,73.0,3.0,3,2816.0,0,1,0
0.0,50.0,4.0,4,2712.0,0,1,0
0.0,92.0,2.0,2,985.0,0,0,0
0.0,55.0,3.0,4,2251.0,0,1,0
0.0,2.0,3.0,4,2232.0,0,1,0
0.0,17.0,2.0,2,1418.0,0,0,0
0.0,87.0,2.0,2,1057.0,1,0,0
0.0,78.0,4.0,4,1819.0,0,0,0
1.0,31.0,5.0,5,4518.0,1,1,0
1.0,74.0,4.0,4,5200.0,0,1,1
0.0,100.0,2.0,2,1300.0,0,0,0
0.0,103.0,3.0,3,1929.0,0,1,0
1.0,45.0,3.0,2,1458.0,0,0,1
1.0,50.0,3.0,4,1935.0,0,1,0
0.0,95.0,3.0,3,1570.0,0,1,0
0.0,4.0,3.0,4,1945.0,1,1,0
0.0,57.0,2.0,2,1330.0,0,0,0
0.0,39.0,3.0,2,1512.0,0,0,0
0.0,11.0,3.0,3,1584.0,0,0,0
0.0,99.0,3.0,3,1582.0,0,0,0
0.0,5.0,3.0,4,1731.0,0,1,0
0.0,29.0,4.0,5,6300.0,0,0,0
0.0,64.0,2.0,2,950.0,0,0,0
1.0,64.0,4.0,3,1665.0,1,1,1
0.0,78.0,3.0,3,1428.0,0,0,0
0.0,69.0,2.0,2,1278.0,0,0,0
0.0,107.0,2.0,2,632.0,0,0,0
0.0,11.0,3.0,2,1477.0,0,0,0
0.0,4.0,3.0,4,1400.0,0,1,0
0.0,107.0,2.0,2,713.0,1,0,0
0.0,105.0,3.0,3,1801.0,0,0,0
0.0,103.0,4.0,4,3030.0,0,1,0
0.0,11.0,3.0,3,2303.0,0,1,0
0.0,1.0,4.0,4,1850.0,0,0,0
0.0,44.0,2.0,3,656.0,0,0,0
1.0,63.0,10.0,10,8286.0,1,1,0
0.0,63.0,1.0,1,672.0,0,0,0
0.0,103.0,2.0,2,650.0,0,0,0
0.0,4.0,3.0,4,1900.0,1,1,0
0.0,63.0,1.0,1,839.0,0,0,0
0.0,111.0,2.0,2,590.0,0,0,0
0.0,107.0,2.0,2,1095.0,1,0,0
0.0,8.0,3.0,4,1305.0,1,1,0
0.0,27.0,3.0,4,2600.0,0,1,0
0.0,81.0,3.0,3,1723.0,0,0,0
0.0,5.0,3.0,3,1683.0,1,0,0
0.0,89.0,2.0,2,1494.0,1,0,0
0.0,47.0,1.0,1,500.0,0,0,0
0.0,43.0,2.0,2,1430.0,0,0,0
0.0,95.0,3.0,3,1549.0,0,1,0
0.0,54.0,3.0,4,4778.0,0,0,0
0.0,111.0,2.0,2,978.0,0,0,0
0.0,80.0,3.0,5,1527.0,0,1,0
0.0,15.0,4.0,5,2670.0,0,1,0
0.0,107.0,2.0,2,610.0,0,0,0
0.0,111.0,2.0,2,800.0,0,0,0
0.0,75.0,1.0,1,610.0,0,0,0
0.0,55.0,3.0,3,2006.0,0,1,0
0.0,39.0,3.0,3,1900.0,0,1,0
0.0,92.0,3.0,3,1438.0,0,0,1
1.0,31.0,4.0,4,1800.0,1,1,0
0.0,69.0,2.0,2,1278.0,1,0,0
1.0,18.0,4.5,6,1710.0,0,0,0
0.0,17.0,4.0,4,2991.0,1,1,0
1.0,54.0,4.0,4,3240.0,1,1,1
0.0,5.0,2.0,2,1361.0,0,0,0
0.0,89.0,3.0,3,1213.0,0,0,0
0.0,105.0,3.0,3,1692.0,1,0,0
0.0,10.0,3.0,2,1343.0,1,1,0
1.0,38.0,2.0,2,1426.0,0,0,0
0.0,73.0,2.0,2,1186.0,0,0,0
0.0,105.0,3.0,3,1700.0,0,1,0
0.0,95.0,3.0,3,1600.0,0,1,0
0.0,72.0,3.0,3,1202.0,0,1,0
0.0,92.0,4.0,4,3512.0,0,1,0
1.0,79.0,4.0,4,2628.0,0,0,0
0.0,6.0,2.0,3,1538.0,0,1,0
1.0,90.0,4.0,6,558.0,0,0,0
1.0,74.0,4.0,5,2250.0,1,1,0
0.0,63.0,3.0,3,1900.0,0,1,0
1.0,6.0,2.0,2,795.0,1,0,0
0.0,89.0,3.0,3,1154.0,0,0,0
1.0,13.0,5.0,3,1300.0,0,0,0
0.0,97.0,4.0,4,2600.0,1,1,0
0.0,109.0,4.0,5,2150.0,0,1,0
0.0,103.0,2.0,2,1225.0,1,0,0
1.0,50.0,3.0,3,1080.0,0,0,0
0.0,55.0,4.0,4,2200.0,0,1,0
0.0,73.0,3.0,3,1650.0,1,1,0
0.0,57.0,4.0,3,10000.0,0,1,0
0.0,73.0,3.0,3,1828.0,0,0,0
1.0,64.0,9.0,9,2700.0,0,1,0
1.0,33.0,9.0,9,3240.0,0,1,1
1.0,16.0,4.0,6,6382.0,0,1,1
0.0,16.0,3.0,3,2225.56,0,0,0
1.0,79.0,4.0,5,3600.0,1,1,0
0.0,9.0,3.0,3,1750.0,0,0,0
0.0,73.0,3.0,3,1493.0,1,1,0
0.0,4.0,2.0,2,742.0,0,0,0
1.0,13.0,8.0,5,2476.0,0,0,0
0.0,105.0,3.0,2,2350.0,0,0,0
0.0,2.0,3.0,3,1914.0,0,1,0
1.0,7.0,5.0,3,3500.0,0,0,0
0.0,27.0,4.0,5,3333.0,0,1,0
0.0,75.0,4.0,4,2833.0,0,1,0
0.0,2.0,2.0,2,993.0,0,0,0
1.0,49.0,4.0,4,3240.0,1,1,0
0.0,101.0,2.0,2,1032.0,0,0,0
0.0,98.0,2.0,2,668.0,0,0,0
1.0,46.0,1.0,1,450.0,0,0,0
0.0,97.0,2.0,2,1512.0,0,0,0
0.0,89.0,3.0,3,1795.0,0,0,0
0.0,43.0,3.0,4,1665.0,0,0,0
0.0,4.0,3.0,4,1710.0,0,1,0
0.0,107.0,1.0,1,308.0,0,0,0
1.0,98.0,4.0,4,3400.0,1,1,1
0.0,92.0,4.0,5,3017.0,0,1,0
1.0,55.0,3.0,3,1800.0,0,0,0
0.0,78.0,3.0,3,1419.0,0,0,0
0.0,39.0,2.0,2,1279.0,0,0,0
1.0,36.0,2.0,3,999.0,0,0,1
1.0,13.0,3.0,2,128.0,0,0,0
0.0,44.0,3.0,3,1439.0,0,0,0
0.0,8.0,3.0,4,1186.0,1,1,0
0.0,6.0,2.0,2,1403.0,0,0,0
0.0,74.0,4.0,4,3500.0,1,1,1
0.0,92.0,4.0,4,2599.0,0,1,0
1.0,29.0,4.0,4,1070.0,0,0,0
0.0,16.0,3.0,4,2225.56,0,1,0
1.0,7.0,2.0,2,56.0,0,0,0
0.0,111.0,2.0,2,534.0,0,0,0
1.0,31.0,4.0,4,4235.0,1,0,1
0.0,8.0,4.0,4,2100.0,0,1,0
0.0,107.0,3.0,2,716.0,0,0,0
0.0,17.0,3.0,3,1980.0,0,1,0
0.0,109.0,3.0,5,1807.0,0,1,0
0.0,98.0,2.0,2,1360.0,0,0,0
0.0,109.0,3.0,5,1807.0,0,1,0
0.0,73.0,3.0,3,1500.0,1,1,0
0.0,57.0,3.0,4,1870.0,0,1,0
0.0,108.0,2.0,2,784.0,0,0,1
0.0,25.0,2.0,2,1416.0,1,0,0
0.0,80.0,3.0,4,1527.0,0,1,0
1.0,81.0,4.0,4,2610.0,0,0,0
0.0,98.0,3.0,3,1747.0,0,1,0
0.0,56.0,1.0,1,648.0,0,0,0
0.0,111.0,1.0,1,386.0,0,0,0
0.0,78.0,3.0,3,1428.0,0,0,0
1.0,71.0,4.0,4,3950.0,0,0,0
1.0,45.0,3.0,3,1440.0,0,0,0
0.0,4.0,3.0,3,1571.0,0,0,0
1.0,7.0,3.0,3,1050.0,0,0,0
0.0,73.0,3.0,3,1650.0,1,1,0
0.0,111.0,2.0,2,900.0,0,0,0
0.0,15.0,3.0,4,2200.0,0,1,0
0.0,4.0,3.0,3,1676.0,0,0,0
0.0,55.0,3.0,4,2159.0,0,0,0
0.0,70.0,1.0,1,639.0,0,0,0
1.0,57.0,5.0,5,3240.0,1,1,0
0.0,47.0,2.0,2,1056.0,0,0,0
0.0,96.0,3.0,3,1710.0,0,0,0
0.0,88.0,3.0,3,1853.0,0,0,0
0.0,105.0,3.0,3,713.0,0,0,0
0.0,43.0,3.0,3,1697.0,0,0,0
0.0,5.0,2.0,2,1250.0,1,0,0
0.0,97.0,2.0,2,1730.0,0,0,0
0.0,77.0,3.0,2,1403.0,0,0,0
0.0,88.0,3.0,3,2813.0,0,1,0
0.0,54.0,3.0,4,1526.0,1,0,0
0.0,11.0,3.0,3,1550.0,0,0,0
0.0,76.0,3.0,3,1563.0,0,0,0
0.0,40.0,3.0,2,1244.0,0,0,0
0.0,97.0,2.0,2,102.0,0,0,0
0.0,95.0,3.0,3,1600.0,0,1,0
1.0,54.0,4.0,4,2700.0,0,1,0
0.0,6.0,4.0,4,2851.0,0,1,0
1.0,76.0,4.0,4,2700.0,0,0,0
1.0,98.0,4.0,4,2800.0,0,1,0
0.0,103.0,2.0,2,796.0,0,0,0
0.0,103.0,3.0,3,1566.0,0,0,0
0.0,89.0,3.0,3,1650.0,0,1,0
0.0,15.0,4.0,6,4072.0,0,1,0
0.0,106.0,2.0,2,597.0,0,0,0
1.0,79.0,3.0,1,550.0,0,0,0
0.0,111.0,3.0,2,1210.0,0,0,0
0.0,9.0,2.0,2,543.0,0,0,0
0.0,73.0,2.0,2,1015.0,0,0,0
0.0,54.0,4.0,4,2134.0,1,1,0
0.0,111.0,3.0,2,978.0,0,0,0
0.0,97.0,3.0,4,2399.0,0,0,1
0.0,73.0,3.0,3,1654.0,0,0,0
0.0,6.0,3.0,2,1607.0,1,0,0
0.0,64.0,5.0,6,5010.0,0,1,0
0.0,104.0,4.0,4,2604.0,0,1,0
0.0,17.0,3.0,4,2350.0,0,1,0
0.0,6.0,3.0,4,2090.0,0,1,0
0.0,92.0,3.0,3,2343.0,0,1,0
0.0,6.0,3.0,4,2000.0,0,1,0
1.0,105.0,2.0,2,959.0,0,0,0
0.0,101.0,2.0,2,672.0,0,0,0
0.0,39.0,2.0,2,1111.0,0,0,0
0.0,44.0,3.0,2,1900.0,0,1,0
0.0,74.0,3.0,4,2000.0,0,1,0
0.0,94.0,3.0,3,1893.0,0,1,0
0.0,93.0,2.0,2,1294.0,1,0,0
1.0,11.0,5.0,7,6228.0,1,1,1
0.0,96.0,3.0,4,1703.0,0,1,0
0.0,13.0,3.0,2,1403.0,0,0,0
1.0,57.0,4.0,4,4500.0,0,1,0
0.0,92.0,3.0,4,2407.0,1,1,0
0.0,4.0,2.0,2,747.0,0,0,0
0.0,103.0,3.0,4,1765.0,0,1,0
0.0,35.0,2.0,2,778.0,1,0,0
0.0,39.0,4.0,4,2371.0,0,1,0
0.0,107.0,2.0,2,744.0,0,0,0
0.0,97.0,2.0,2,1600.0,0,0,0
1.0,23.0,2.0,2,105.0,0,0,0
0.0,111.0,2.0,2,1344.0,0,0,0
0.0,67.0,3.0,2,111.0,0,0,0
0.0,89.0,2.0,2,1223.0,0,0,0
0.0,40.0,1.0,1,458.0,0,0,0
0.0,82.0,2.0,2,590.0,0,0,0
1.0,50.0,7.0,7,2034.0,1,1,1
0.0,10.0,2.0,3,978.23,1,0,0
0.0,81.0,3.0,3,1950.0,0,1,0
0.0,37.0,2.0,2,896.0,0,0,0
0.0,76.0,3.0,3,1551.0,0,1,1
0.0,53.0,1.0,1,599.0,0,0,0
0.0,4.0,3.0,3,1690.0,0,0,0
0.0,104.0,2.0,2,1186.0,0,0,0
0.0,95.0,3.0,2,1600.0,0,0,0
0.0,73.0,2.0,2,1186.0,0,0,0
0.0,111.0,1.0,1,443.0,0,0,0
0.0,97.0,3.0,4,2026.0,0,0,0
1.0,47.0,2.0,3,160.0,0,0,0
0.0,81.0,3.0,3,1300.0,0,0,0
0.0,111.0,3.0,3,1382.0,0,0,0
0.0,78.0,3.0,3,1428.0,0,0,0
0.0,89.0,2.0,2,1350.0,1,0,0
0.0,60.0,3.0,4,2500.0,0,1,0
1.0,31.0,6.0,6,4518.0,0,1,0
0.0,97.0,3.0,4,2179.0,0,0,0
1.0,13.0,1.6666666666666667,5,800.0,0,0,0
0.0,4.0,3.0,3,1337.0,0,0,0
0.0,73.0,3.0,3,1717.0,1,1,1
1.0,102.0,9.0,9,2628.0,0,0,0
1.0,48.0,3.0,3,900.0,0,0,0
0.0,54.0,4.0,5,4422.0,0,1,0
1.0,30.0,9.0,9,5800.0,0,1,1
1.0,54.0,5.0,6,8250.0,0,1,0
0.0,78.0,3.0,2,1473.0,0,0,0
0.0,4.0,3.0,3,1314.0,0,0,0
1.0,81.0,5.0,4,2610.0,0,1,0
0.0,33.0,3.0,3,1700.0,0,1,0
0.0,39.0,3.0,3,1619.0,0,0,0
0.0,104.0,3.0,4,1786.0,1,1,0
0.0,96.0,2.0,2,528.0,0,0,0
0.0,83.0,3.0,3,1975.0,0,0,0
0.0,78.0,3.0,3,1428.0,0,0,0
0.0,73.0,3.0,3,1833.0,1,1,0
0.0,73.0,3.0,3,1262.0,0,1,0
0.0,111.0,2.0,2,561.0,0,0,0
0.0,1.0,3.0,3,1778.0,0,0,0
1.0,31.0,4.0,4,1350.0,0,0,1
0.0,92.0,3.0,4,2511.0,0,1,0
0.0,96.0,3.0,2,1222.0,1,0,0
1.0,51.0,6.0,4,2475.0,1,1,1
0.0,78.0,3.0,3,1428.0,0,0,0
0.0,63.0,1.0,2,678.0,0,0,0
0.0,50.0,3.0,3,1273.0,0,0,0
0.0,112.0,2.0,2,1361.0,0,0,0
0.0,74.0,3.0,3,2200.0,1,0,0
0.0,105.0,4.0,4,1607.0,0,0,0
1.0,57.0,6.0,6,4861.0,0,0,0
0.0,97.0,4.0,4,2600.0,1,1,0
0.0,78.0,4.0,4,1743.0,0,0,1
1.0,92.0,4.0,4,5480.0,0,1,1
0.0,69.0,3.0,3,1538.0,0,0,0
0.0,14.0,4.0,4,2350.0,0,1,0
0.0,92.0,3.0,3,1929.0,0,1,0
0.0,4.0,3.0,3,1315.0,0,0,0
0.0,87.0,2.0,2,1163.0,0,0,0
1.0,50.0,4.0,4,3762.0,0,1,0
0.0,17.0,4.0,4,2353.0,1,1,0
0.0,103.0,4.0,4,2726.0,0,1,0
0.0,93.0,3.0,3,1588.0,0,0,0
0.0,81.0,2.0,2,1312.0,1,0,0
0.0,103.0,2.0,2,1222.0,1,0,0
0.0,97.0,2.0,2,1475.0,0,0,0
0.0,95.0,3.0,3,1400.0,0,1,0
0.0,105.0,3.0,3,1596.0,0,0,0
0.0,9.0,4.0,5,2505.0,0,1,0
0.0,105.0,3.0,2,1473.0,0,0,0
0.0,86.0,2.0,2,1199.0,0,0,0
0.0,53.0,3.0,3,1906.0,0,0,0
0.0,44.0,4.0,3,1650.0,0,0,0
0.0,18.0,2.0,2,800.0,0,0,0
0.0,111.0,2.0,2,516.0,0,0,0
0.0,103.0,3.0,4,1525.0,0,1,0
0.0,98.0,3.0,3,1900.0,0,0,0
0.0,105.0,3.0,4,1804.0,0,1,0
1.0,38.0,2.0,4,1460.0,0,0,0
0.0,89.0,3.0,3,1321.0,1,0,0
0.0,43.0,2.0,2,1180.0,1,0,0
0.0,17.0,3.0,3,1890.0,1,0,0
0.0,111.0,2.0,2,556.0,0,0,0
0.0,73.0,3.0,3,2040.0,0,1,0
0.0,103.0,2.0,2,767.0,0,0,0
1.0,11.0,7.0,5,4500.0,1,1,0
0.0,97.0,3.0,4,2300.0,0,0,0
0.0,105.0,3.0,3,1423.0,0,0,0
1.0,33.0,4.0,5,2844.0,1,1,1
0.0,11.0,3.0,4,1797.0,0,1,0
0.0,97.0,3.0,4,1650.0,0,1,0
0.0,8.0,3.0,4,1186.0,1,1,0
1.0,93.0,4.0,4,3900.0,0,1,0
1.0,54.0,4.0,4,7000.0,0,0,0
1.0,47.0,2.0,2,61.0,0,0,0
0.0,105.0,3.0,2,1141.0,0,0,0
0.0,103.0,3.0,3,1650.0,0,0,0
0.0,18.0,3.0,4,2000.0,1,1,0
0.0,86.0,4.0,4,3889.0,1,1,0
0.0,5.0,3.0,3,1845.0,0,0,0
0.0,78.0,3.0,3,1392.0,0,0,0
0.0,78.0,4.0,4,1783.0,0,0,0
0.0,10.0,2.0,3,978.23,0,1,0
1.0,13.0,7.0,3,300.0,0,0,0
0.0,93.0,3.0,4,1620.0,0,1,0
0.0,50.0,4.0,4,2722.0,0,1,0
0.0,88.0,3.0,2,1472.0,0,0,0
0.0,6.0,4.0,4,2851.0,0,1,0
0.0,17.0,2.0,2,1430.0,1,0,0
0.0,103.0,2.0,2,1122.0,1,0,0
0.0,41.0,2.0,2,1338.0,0,0,0
0.0,9.0,2.0,2,1236.0,0,0,0
0.0,110.0,4.0,3,2056.0,0,0,0
1.0,54.0,4.0,4,4000.0,1,1,0
0.0,69.0,3.0,3,1630.0,0,0,0
0.0,111.0,1.0,1,474.042156,0,0,0
1.0,31.0,5.0,5,2700.0,1,1,1
0.0,44.0,3.0,3,1983.0,1,0,0
1.0,31.0,4.0,4,9000.0,1,1,1
0.0,75.0,4.0,5,2385.0,0,1,0
0.0,93.0,2.0,2,1383.0,0,0,0
0.0,69.0,3.0,3,1475.0,1,0,0
0.0,101.0,3.0,3,1423.0,1,0,0
0.0,97.0,4.0,4,3151.0,0,0,0
1.0,46.0,10.0,11,7000.0,0,0,0
0.0,44.0,3.0,5,1833.0,0,1,0
0.0,99.0,3.0,3,1674.0,0,0,0
0.0,57.0,3.0,4,2700.0,0,1,0
0.0,70.0,4.0,6,3872.0,0,1,0
0.0,4.0,4.0,5,2311.0,0,1,0
0.0,73.0,4.0,4,1975.0,0,1,0
0.0,85.0,2.0,2,1582.0,0,0,0
0.0,89.0,3.0,3,1348.0,0,0,0
0.0,105.0,3.0,3,1792.0,0,1,0
1.0,29.0,4.0,4,1080.0,1,0,1
0.0,46.0,3.0,4,2222.0,0,1,0
0.0,111.0,2.0,2,508.0,0,0,0
1.0,52.0,5.0,4,1836.0,0,0,1
0.0,44.0,3.0,3,1711.0,0,0,0
0.0,103.0,2.0,2,1444.0,0,0,0
0.0,93.0,4.0,3,1800.0,0,0,0
0.0,111.0,2.0,2,939.0,0,0,0
0.0,93.0,3.0,4,1500.0,0,1,0
0.0,81.0,3.0,3,1946.0,0,0,1
0.0,105.0,4.0,4,2322.0,0,1,0
1.0,105.0,4.0,5,2360.0,0,0,0
0.0,103.0,3.0,3,1630.0,0,0,0
0.0,98.0,2.0,2,637.0,0,0,0
0.0,72.0,3.0,3,1540.0,0,0,0
0.0,107.0,1.0,1,422.0,0,0,0
1.0,54.0,4.0,6,3240.0,0,1,0
0.0,78.0,4.0,4,1819.0,0,0,0
0.0,44.0,2.0,2,625.0,0,0,0
0.0,27.0,3.0,3,1860.0,0,0,0
1.0,30.0,9.0,9,7000.0,0,0,0
0.0,78.0,4.0,4,1819.0,0,0,0
0.0,111.0,2.0,2,509.0,0,0,0
0.0,105.0,2.0,2,1217.0,1,0,0
0.0,94.0,4.0,4,2273.0,0,0,0
1.0,45.0,3.0,2,1722.0,0,0,0
1.0,47.0,3.0,3,117.0,0,0,0
1.0,47.0,5.0,5,5067.0,1,1,0
1.0,29.0,8.0,11,5000.0,1,1,0
0.0,44.0,3.0,3,1250.0,0,0,0
0.0,111.0,2.0,2,567.0,0,0,0
0.0,5.0,3.0,3,1300.0,1,0,0
0.0,105.0,4.0,5,1805.0,0,1,0
0.0,92.0,3.0,2,1463.0,1,0,0
0.0,75.0,3.0,4,2016.0,0,1,0
1.0,39.0,5.0,6,4680.0,0,1,0
1.0,11.0,5.0,5,3600.0,1,1,1
0.0,89.0,3.0,3,1058.0,1,0,0
0.0,73.0,3.0,3,4278.0,0,0,1
0.0,108.0,2.0,2,1365.0,0,0,0
0.0,108.0,2.0,2,1235.0,0,0,0
1.0,31.0,5.0,6,4500.0,0,0,0
0.0,44.0,4.0,3,2025.0,1,1,0
0.0,98.0,2.0,2,1360.0,0,0,0
1.0,102.0,3.0,3,558.0,0,0,0
1.0,50.0,6.0,7,11286.0,1,1,0
0.0,101.0,2.0,2,1226.0,0,0,1
0.0,4.0,2.0,2,1368.0,0,0,0
1.0,31.0,5.0,5,1783.0,0,1,0
0.0,98.0,2.0,3,944.0,1,0,0
0.0,25.0,3.0,4,1738.0,0,1,0
0.0,39.0,2.0,2,85.0,0,0,0
0.0,71.0,3.0,3,2700.0,0,0,0
1.0,34.0,3.0,3,112.0,0,0,0
0.0,99.0,2.0,2,120.0,1,0,0
0.0,69.0,2.0,2,1278.0,1,0,0
0.0,92.0,3.0,4,2481.0,0,1,0
0.0,39.0,2.0,2,85.0,0,0,0
0.0,5.0,2.0,3,1257.0,0,1,0
1.0,29.0,4.0,2,540.0,0,0,0
1.0,10.0,1.0,1,2680.0,0,0,0
1.0,79.0,2.0,2,900.0,0,0,0
0.0,4.0,3.0,4,1757.0,0,1,0
0.0,77.0,2.0,2,1180.0,0,0,0
0.0,63.0,3.0,2,1750.0,0,1,0
0.0,57.0,3.0,3,1790.0,0,0,0
0.0,73.0,3.0,3,1969.0,0,0,0
0.0,69.0,3.0,3,1549.0,0,0,0
0.0,38.0,2.0,2,1200.0,0,0,0
0.0,9.0,2.0,2,496.0,0,0,0
0.0,39.0,2.0,2,623.0,0,0,0
0.0,2.0,3.0,3,1900.0,0,1,0
0.0,33.0,3.0,3,1608.0,0,1,0
1.0,31.0,6.0,7,4518.0,1,1,1
1.0,30.0,5.0,5,1800.0,1,1,1
0.0,50.0,3.0,3,1385.0,0,0,1
0.0,97.0,4.0,5,2017.0,0,1,0
0.0,83.0,4.0,4,4000.0,1,1,1
0.0,78.0,4.0,4,1804.0,1,1,1
0.0,69.0,3.0,3,1630.0,1,0,0
0.0,97.0,4.0,6,3920.0,0,1,0
0.0,98.0,4.0,4,2038.0,0,1,0
0.0,107.0,2.0,2,1250.0,0,0,0
0.0,81.0,3.0,3,2000.0,0,1,0
0.0,2.0,3.0,3,2944.0,0,1,0
0.0,6.0,3.0,2,1094.0,0,0,0
0.0,34.0,2.0,2,900.0,0,0,0
0.0,91.0,1.0,1,761.0,0,0,0
0.0,27.0,3.0,4,2000.0,0,1,0
0.0,54.0,3.0,3,1493.0,0,0,1
0.0,83.0,4.0,5,2625.0,0,1,0
0.0,89.0,2.0,2,93.0,1,0,0
0.0,111.0,2.0,2,978.0,0,0,0
1.0,30.0,4.0,3,1350.0,0,0,1
1.0,5.0,3.0,5,3534.0,0,0,0
0.0,78.0,3.0,3,1578.0,0,0,0
1.0,79.0,3.0,5,600.0,0,0,0
0.0,89.0,2.0,2,1172.0,0,0,0
0.0,57.0,2.0,2,1098.0,0,0,0
0.0,63.0,3.0,3,1920.0,0,1,0
0.0,57.0,3.0,3,1950.0,0,0,0
0.0,78.0,4.0,4,1819.0,0,0,0
0.0,96.0,2.0,2,533.0,0,0,1
0.0,107.0,1.0,1,344.0,0,0,0
0.0,47.0,3.0,2,1500.0,0,0,0
1.0,57.0,5.0,5,3240.0,1,0,0
1.0,59.0,6.0,5,3132.0,0,0,0
0.0,25.0,1.0,1,450.0,0,0,0
0.0,43.0,3.0,4,2134.0,0,1,0
0.0,8.0,4.0,6,1535.0,0,1,0
1.0,56.0,5.0,4,2367.0,0,0,0
0.0,26.0,5.0,5,2400.0,1,1,1
1.0,21.0,4.0,3,1800.0,0,0,0
0.0,109.0,3.0,5,1807.0,0,1,0
0.0,105.0,3.0,2,1261.0,0,0,0
0.0,27.0,3.0,5,2796.0,0,1,0
0.0,96.0,1.0,1,500.0,0,0,0
0.0,89.0,2.0,2,1700.0,1,0,0
1.0,110.0,9.0,9,3150.0,1,0,0
0.0,96.0,2.0,2,537.0,0,0,0
0.0,101.0,3.0,3,1946.0,0,1,0
0.0,69.0,2.0,2,1278.0,0,0,0
0.0,96.0,3.0,3,1561.0,0,0,0
0.0,41.0,2.0,2,657.0,0,0,0
0.0,14.0,2.0,2,73.0,0,0,0
0.0,97.0,3.0,4,2026.0,0,1,0
1.0,102.0,3.0,2,822.0,0,0,0
0.0,101.0,3.0,3,1944.0,0,0,0
0.0,103.0,4.0,4,2362.0,0,1,0
0.0,92.0,3.0,4,2300.0,1,1,1
0.0,89.0,3.0,4,1416.0,0,1,0
0.0,104.0,4.0,4,2139.0,0,1,0
0.0,75.0,3.0,4,2134.0,0,1,0
1.0,33.0,4.0,2,1458.0,0,0,0
0.0,5.0,3.0,3,1500.0,0,0,0
0.0,2.0,2.0,2,1300.0,0,0,0
0.0,97.0,2.0,2,1484.0,0,0,0
0.0,76.0,2.0,2,581.0,0,0,0
0.0,103.0,2.0,2,1350.0,1,0,0
0.0,92.0,2.0,2,1131.0,0,0,0
0.0,61.0,3.0,4,1900.0,0,1,0
0.0,111.0,3.0,3,1599.0,0,0,0
0.0,5.0,2.0,2,1338.0,0,0,1
1.0,11.0,5.0,5,3600.0,1,1,1
1.0,33.0,6.0,7,3240.0,1,1,1
1.0,93.0,3.0,4,2160.0,1,1,1
0.0,8.0,2.0,2,1200.0,0,0,0
1.0,54.0,4.0,5,3222.0,1,1,1
0.0,105.0,3.0,3,1523.0,0,0,0
1.0,90.0,2.0,3,450.0,0,0,0
0.0,98.0,4.0,4,2132.0,0,1,0
0.0,80.0,4.0,4,2667.0,0,1,0
0.0,39.0,3.0,3,2667.0,1,1,1
0.0,69.0,3.0,3,1721.0,0,0,0
0.0,94.0,4.0,4,2576.0,0,1,0
1.0,93.0,4.0,4,3240.0,0,1,1
1.0,47.0,1.0,1,70.0,0,0,0
0.0,83.0,3.0,4,2185.0,0,1,0
0.0,15.0,4.0,5,2996.0,0,1,0
0.0,74.0,2.0,2,1188.0,0,0,0
0.0,98.0,3.0,3,1746.0,0,0,0
0.0,105.0,3.0,3,2278.0,0,1,0
0.0,111.0,2.0,2,669.0,0,0,0
0.0,43.0,3.0,4,1899.0,1,1,0
0.0,95.0,3.0,3,1575.0,0,0,1
0.0,89.0,3.0,4,2047.0,0,1,0
0.0,97.0,2.0,2,1512.0,0,0,1
0.0,77.0,2.0,2,1068.0,0,0,0
0.0,97.0,2.0,2,1050.0,0,0,0
1.0,5.0,4.0,5,4700.0,0,0,0
0.0,4.0,3.0,3,1315.0,0,0,0
0.0,53.0,3.0,3,1888.0,0,1,0
0.0,103.0,4.0,5,2134.0,1,1,0
1.0,8.0,5.0,4,4000.0,1,1,1
0.0,54.0,3.0,4,1951.0,1,0,0
0.0,11.0,3.0,3,2303.0,0,1,0
1.0,55.0,5.0,4,4500.0,0,0,0
0.0,86.0,4.0,6,2398.0,0,1,0
0.0,88.0,3.0,3,2045.0,0,0,0
0.0,13.0,2.0,2,699.0,0,0,0
0.0,111.0,2.0,2,535.0,0,0,0
0.0,47.0,2.0,2,950.0,0,0,0
1.0,79.0,3.0,2,1000.0,0,0,0
1.0,50.0,8.0,8,3762.0,1,1,1
1.0,13.0,1.75,4,900.0,0,0,0
0.0,97.0,2.0,2,1484.0,0,0,0
0.0,103.0,4.0,4,2468.0,0,1,0
0.0,83.0,4.0,5,2629.0,0,1,0
0.0,9.0,2.0,2,543.0,0,0,0
1.0,54.0,7.0,7,2340.0,1,0,0
0.0,105.0,2.0,2,905.0,0,0,0
0.0,81.0,2.0,2,1426.0,0,0,0
0.0,101.0,3.0,3,1581.0,0,0,0
0.0,16.0,2.0,2,1939.03,1,0,0
0.0,100.0,2.0,2,1350.0,0,0,0
1.0,18.0,7.0,7,2700.0,0,0,0
0.0,77.0,2.0,2,938.0,0,0,0
0.0,4.0,3.0,4,1945.0,1,1,0
1.0,28.0,7.0,7,5000.0,0,1,0
0.0,8.0,3.0,4,1305.0,1,1,0
0.0,4.0,3.0,3,1315.0,0,1,0
0.0,103.0,3.0,3,1747.0,0,0,0
0.0,13.0,2.0,2,761.0,0,0,0
0.0,1.0,3.0,3,1294.0,0,0,0
0.0,43.0,3.0,4,1635.0,0,0,0
0.0,25.0,3.0,4,1738.0,0,1,0
0.0,97.0,2.0,2,1550.0,0,0,0
1.0,74.0,5.0,6,3240.0,1,1,1
0.0,25.0,2.0,3,1000.0,0,0,0
0.0,2.0,4.0,3,3111.0,0,1,0
0.0,4.0,3.0,4,1587.0,1,1,0
0.0,25.0,2.0,2,800.0,0,0,0
1.0,81.0,4.0,4,2332.0,1,1,0
1.0,57.0,3.0,3,3231.0,1,1,0
0.0,8.0,3.0,4,1593.0,1,1,0
0.0,33.0,2.0,2,1120.0,0,0,1
0.0,43.0,3.0,3,1708.0,0,0,0
1.0,44.0,3.0,3,1570.0,0,0,0
0.0,1.0,2.0,2,833.0,0,0,0
0.0,95.0,3.0,2,1500.0,0,0,0
0.0,88.0,3.0,3,1730.0,0,0,0
1.0,18.0,5.0,5,2000.0,0,0,0
0.0,75.0,3.0,4,2219.0,0,1,0
0.0,11.0,4.0,4,2380.0,0,1,0
0.0,77.0,2.0,2,1364.0,1,0,0
0.0,25.0,3.0,3,1611.0,0,0,0
0.0,6.0,2.0,3,1538.0,0,1,0
1.0,34.0,1.0,1,1000.0,0,0,0
1.0,64.0,4.0,4,1728.0,0,0,1
0.0,95.0,2.0,2,1127.0,0,0,0
0.0,92.0,2.0,2,586.0,0,0,0
0.0,9.0,3.0,4,1900.0,0,1,0
0.0,8.0,4.0,5,1535.0,0,1,0
0.0,92.0,3.0,3,1475.0,0,0,0
1.0,57.0,4.0,4,3400.0,0,1,0
1.0,20.0,5.0,4,3240.0,1,0,0
0.0,73.0,2.0,2,1141.0,0,0,0
0.0,4.0,3.0,3,1315.0,0,1,0
0.0,20.0,5.0,5,2556.0,1,0,1
1.0,30.0,3.0,9,1935.0,1,1,1
0.0,78.0,3.0,3,1568.0,0,0,0
1.0,30.0,6.0,5,6000.0,0,0,0
0.0,28.0,2.0,2,706.0,0,0,0
0.0,14.0,5.0,5,3511.0,0,1,0
0.0,25.0,2.0,2,1281.0,0,0,0
0.0,43.0,2.0,2,1310.0,0,0,0
0.0,103.0,4.0,4,2468.0,0,0,0
1.0,50.0,3.0,3,2700.0,0,0,0
1.0,11.0,5.0,6,4500.0,1,1,1
0.0,43.0,2.0,2,850.0,0,0,0
1.0,50.0,3.0,3,60.0,0,0,0
1.0,64.0,5.0,6,3438.0,1,1,1
0.0,106.0,3.0,4,1350.0,0,0,0
0.0,72.0,3.0,3,2150.0,0,1,0
0.0,111.0,2.0,2,676.0,0,0,0
0.0,105.0,4.0,4,2040.0,0,0,0
0.0,107.0,3.0,3,1750.0,0,0,0
0.0,37.0,3.0,3,1401.0,0,0,0
0.0,34.0,2.0,2,722.0,0,0,0
1.0,30.0,5.0,4,1350.0,0,1,0
0.0,73.0,3.0,3,2506.0,0,1,0
1.0,79.0,2.0,2,225.0,0,0,0
0.0,98.0,2.0,2,557.0,1,1,0
0.0,92.0,3.0,3,2130.0,0,1,0
0.0,78.0,3.0,3,1428.0,0,0,0
0.0,71.0,1.0,1,804.0,0,0,0
0.0,89.0,2.0,2,1411.0,1,0,0
0.0,89.0,2.0,2,1423.0,1,0,0
1.0,50.0,5.0,6,2700.0,1,1,1
0.0,63.0,3.0,3,1450.0,0,0,0
0.0,94.0,4.0,5,2110.0,0,1,0
0.0,53.0,3.0,4,1916.0,0,1,0
0.0,95.0,3.0,3,1570.0,0,0,0
0.0,93.0,4.0,6,4425.0,0,1,0
0.0,97.0,3.0,4,2300.0,0,1,0
0.0,8.0,3.0,4,1186.0,1,1,0
1.0,11.0,4.0,5,5400.0,1,1,1
0.0,91.0,3.0,3,2047.0,0,1,0
0.0,89.0,3.0,3,2161.0,0,0,0
1.0,57.0,3.0,3,2160.0,0,1,0
0.0,17.0,2.0,2,1276.0,0,0,0
1.0,25.0,5.0,6,2430.0,1,0,0
1.0,31.0,4.0,5,3240.0,1,1,0
0.0,109.0,2.0,1,511.0,0,0,0
0.0,76.0,2.0,2,1296.0,0,0,0
0.0,40.0,3.0,2,1201.0,0,0,0
0.0,105.0,4.0,5,1692.0,0,1,0
1.0,57.0,4.0,5,4000.0,1,1,0
0.0,17.0,5.0,6,7294.0,0,0,0
0.0,103.0,4.0,4,2468.0,0,1,0
0.0,110.0,4.0,3,2007.0,0,1,0
1.0,102.0,3.333333333333333,6,1431.0,0,0,0
0.0,41.0,2.0,2,1479.0,0,0,0
0.0,39.0,3.0,2,1333.0,0,0,0
0.0,50.0,4.0,4,2556.0,0,1,0
0.0,43.0,3.0,3,1789.0,1,1,0
0.0,97.0,3.0,4,2179.0,0,1,0
0.0,92.0,2.0,2,547.0,0,0,0
1.0,30.0,6.0,8,2844.0,1,1,1
0.0,89.0,3.0,3,1362.0,0,0,0
0.0,43.0,2.0,2,1179.0,0,0,1
1.0,93.0,5.0,5,3240.0,0,1,0
1.0,46.0,1.0,1,892.0,0,0,0
0.0,75.0,4.0,4,2127.0,0,1,0
0.0,105.0,4.0,4,1828.0,0,0,0
0.0,95.0,4.0,4,2000.0,1,1,0
0.0,46.0,3.0,3,2400.0,0,0,0
0.0,4.0,3.0,4,1945.0,1,1,0
0.0,9.0,2.0,2,543.0,0,0,0
0.0,78.0,4.0,4,1819.0,0,0,0
0.0,95.0,3.0,3,1719.0,0,0,0
0.0,73.0,3.0,3,1650.0,1,1,0
0.0,88.0,2.0,2,1422.0,0,0,0
0.0,6.0,4.0,4,2851.0,0,1,0
0.0,17.0,3.0,3,1507.0,0,0,0
0.0,44.0,3.0,3,1700.0,0,0,0
0.0,101.0,3.0,3,1581.0,0,0,0
0.0,89.0,2.0,2,1747.0,1,0,0
0.0,101.0,3.0,2,998.0,1,0,0
0.0,4.0,3.0,3,1700.0,0,0,0
1.0,51.0,6.0,6,3240.0,1,1,1
0.0,5.0,2.0,2,1288.0,0,0,0
1.0,39.0,6.0,7,4950.0,1,1,1
0.0,98.0,2.0,2,557.0,1,0,0
0.0,44.0,4.0,4,2100.0,0,0,0
1.0,47.0,3.0,3,2250.0,0,0,0
0.0,11.0,3.0,3,1550.0,0,0,0
0.0,11.0,3.0,3,2303.0,0,1,0
0.0,16.0,3.0,5,2800.0,0,1,0
1.0,79.0,5.0,3,148.0,0,0,0
0.0,95.0,3.0,3,1588.0,1,0,1
0.0,104.0,3.0,3,2578.0,0,0,0
0.0,69.0,2.0,2,1278.0,1,0,0
1.0,18.0,3.0,3,200.0,0,0,0
0.0,18.0,3.0,4,2000.0,0,1,0
1.0,28.0,3.0,2,3078.0,0,0,0
0.0,97.0,2.0,2,1300.0,0,0,1
1.0,36.0,2.0,2,130.0,0,0,0
0.0,10.0,2.0,2,2060.0,0,0,0
0.0,92.0,2.0,2,613.0,0,0,0
0.0,25.0,3.0,2,1440.0,0,0,0
1.0,54.0,7.0,7,2340.0,0,0,0
1.0,79.0,7.0,7,2610.0,0,0,0
0.0,103.0,4.0,4,2005.0,0,0,0
0.0,9.0,2.0,2,1236.0,0,0,0
1.0,50.0,1.0,1,1242.0,0,0,0
1.0,25.0,2.0,2,600.0,0,0,0
1.0,29.0,3.0,3,540.0,0,0,0
0.0,78.0,3.0,3,1893.0,0,0,0
0.0,92.0,4.0,5,3801.0,0,1,0
1.0,47.0,4.0,4,160.0,0,0,0
0.0,50.0,4.0,4,2667.0,0,1,0
0.0,97.0,4.0,6,3890.0,0,1,0
0.0,97.0,2.0,2,1484.0,0,0,0
0.0,73.0,3.0,3,1081.0,0,1,0
0.0,103.0,2.0,2,767.0,0,0,0
0.0,16.0,3.0,3,2225.56,0,1,0
0.0,79.0,2.0,2,1000.0,0,0,0
0.0,43.0,2.0,2,850.0,0,0,0
0.0,29.0,4.0,5,3889.0,0,1,0
0.0,97.0,2.0,2,1484.0,0,0,0
0.0,111.0,1.0,1,484.0,0,0,0
0.0,10.0,3.0,3,1661.0,1,0,0
0.0,93.0,3.0,3,2000.0,1,1,0
1.0,93.0,4.0,3,3240.0,0,0,0
0.0,105.0,2.0,2,657.0,1,0,0
0.0,103.0,3.0,3,1700.0,0,0,0
0.0,75.0,3.0,3,1406.0,0,0,0
0.0,72.0,2.0,2,1167.0,0,0,0
0.0,4.0,3.0,4,1750.0,0,1,0
0.0,97.0,4.0,4,2225.0,0,0,0
0.0,97.0,3.0,4,1467.0,0,1,0
0.0,109.0,2.0,2,502.0,0,0,0
0.0,27.0,2.0,2,1285.0,1,1,0
0.0,37.0,3.0,2,1300.0,0,0,0
0.0,4.0,3.0,3,1493.0,0,1,0
0.0,97.0,4.0,5,2545.0,0,1,1
0.0,5.0,3.0,4,1734.0,0,1,0
1.0,50.0,8.0,7,2850.0,1,1,0
1.0,30.0,9.0,9,2300.5,1,1,0
0.0,99.0,2.0,2,694.0,0,0,0
1.0,55.0,2.0,6,1467.0,1,0,0
0.0,60.0,3.0,4,2217.0,0,1,0
0.0,9.0,2.0,2,543.0,0,0,0
0.0,4.0,3.0,3,1315.0,0,0,0
0.0,88.0,2.0,2,1467.0,0,0,0
1.0,31.0,5.0,6,4518.0,1,1,1
0.0,69.0,3.0,3,1721.0,0,0,0
0.0,107.0,2.0,2,950.0,0,0,0
0.0,82.0,2.0,2,1086.0,0,0,0
0.0,55.0,1.0,1,500.0,0,0,0
1.0,39.0,5.0,7,4071.0,1,1,1
0.0,107.0,1.0,1,407.0,0,0,0
0.0,16.0,4.0,6,3655.35,0,1,0
0.0,111.0,2.0,2,1404.0,0,0,0
0.0,82.0,2.0,2,639.0,0,0,0
0.0,25.0,1.0,2,723.0,0,0,0
0.0,63.0,4.0,4,2253.0,0,0,0
0.0,15.0,3.0,4,2104.0,0,1,0
0.0,47.0,2.0,2,944.0,0,0,0
1.0,54.0,6.0,5,6000.0,0,0,0
1.0,34.0,1.0,1,480.0,0,0,0
0.0,10.0,3.0,3,1711.0,0,0,0
0.0,33.0,2.0,1,1188.0,0,0,0
0.0,78.0,2.0,2,991.0,0,0,0
0.0,6.0,2.0,2,1148.0,0,0,0
1.0,93.0,4.0,4,2425.0,0,1,0
1.0,24.0,4.0,4,4518.0,1,1,0
0.0,39.0,3.0,3,1996.0,0,0,0
0.0,4.0,2.0,2,1100.0,0,0,0
0.0,89.0,3.0,3,1362.0,0,0,0
0.0,9.0,3.0,3,1713.0,0,0,0
0.0,109.0,3.0,5,1750.0,0,1,0
0.0,111.0,2.0,2,1131.0,1,0,0
0.0,43.0,3.0,4,1660.0,0,1,0
0.0,54.0,4.0,5,4120.0,1,0,0
0.0,89.0,2.0,2,1252.0,0,0,0
0.0,92.0,3.0,3,1982.0,0,1,0
0.0,77.0,2.0,2,1127.0,0,0,0
0.0,50.0,3.0,3,1294.0,0,0,0
0.0,111.0,2.0,2,1222.0,1,0,0
0.0,78.0,3.0,3,1419.0,0,0,0
0.0,30.0,4.0,4,2744.0,0,1,0
0.0,43.0,3.0,3,1643.0,0,1,0
0.0,55.0,5.0,6,3219.0,0,1,0
1.0,31.0,5.0,4,4518.0,1,1,1
0.0,77.0,2.0,2,1244.0,0,0,0
1.0,57.0,6.0,5,3078.0,1,1,0
0.0,95.0,3.0,3,1162.0,0,0,0
0.0,16.0,4.0,5,4800.0,0,0,0
0.0,94.0,3.0,3,2333.0,0,1,0
0.0,4.0,3.0,4,1945.0,1,1,0
1.0,31.0,4.0,4,2700.0,1,1,1
1.0,50.0,3.0,9,1935.0,0,1,0
0.0,95.0,3.0,4,1900.0,0,0,0
1.0,79.0,1.6666666666666667,4,1072.0,0,0,0
0.0,63.0,3.0,3,1900.0,0,1,0
0.0,111.0,2.0,1,913.0,0,0,0
0.0,103.0,3.0,3,1600.0,0,0,0
0.0,77.0,2.0,2,1361.0,0,1,0
0.0,77.0,2.0,2,1200.0,0,0,0
0.0,58.0,5.0,6,5200.0,1,1,1
0.0,6.0,3.0,3,1490.0,0,0,0
0.0,14.0,4.0,5,3077.0,0,1,0
1.0,54.0,4.0,4,2592.0,0,1,0
0.0,1.0,5.0,6,9050.0,0,1,0
0.0,6.0,3.0,4,2000.0,0,1,0
1.0,68.0,9.0,12,6390.0,0,1,0
0.0,74.0,2.0,2,1082.0,0,0,0
0.0,95.0,3.0,3,1549.0,0,1,0
1.0,38.0,4.0,3,1449.0,0,0,1
0.0,5.0,2.0,2,750.0,0,0,0
0.0,5.0,3.0,3,1725.0,1,1,1
1.0,11.0,5.0,5,2250.0,0,1,1
0.0,105.0,3.0,3,1738.0,0,0,0
0.0,111.0,2.0,2,743.0,0,0,0
0.0,75.0,4.0,4,3200.0,1,1,1
0.0,78.0,4.0,4,1819.0,0,0,0
1.0,39.0,5.0,6,4950.0,1,1,0
0.0,109.0,2.0,2,601.0,0,0,0
0.0,95.0,3.0,3,1588.0,1,1,1
1.0,22.0,2.0,6,1449.0,1,0,0
0.0,105.0,2.0,2,646.0,1,0,0
0.0,60.0,3.0,4,2895.0,0,0,0
1.0,74.0,4.0,4,3240.0,1,1,1
0.0,93.0,3.0,3,1234.0,1,0,0
0.0,107.0,2.0,2,717.0,1,0,0
1.0,28.0,4.0,4,2500.0,0,1,0
0.0,61.0,4.0,6,2455.0,0,1,0
0.0,107.0,2.0,2,563.0,0,0,0
1.0,48.0,9.0,9,2367.0,0,0,0
0.0,4.0,3.0,4,1186.0,1,1,0
0.0,55.0,4.0,5,3356.0,0,1,0
1.0,71.0,3.0,3,2385.0,0,0,0
0.0,103.0,4.0,3,2461.0,0,0,0
0.0,101.0,3.0,3,1611.0,1,0,0
1.0,52.0,4.0,4,900.0,0,0,1
0.0,111.0,2.0,2,1275.0,0,0,0
1.0,79.0,2.0,1,450.0,0,0,0
0.0,55.0,3.0,4,2252.0,0,1,0
1.0,46.0,5.0,5,4500.0,0,1,0
1.0,31.0,5.0,5,2295.0,0,0,0
0.0,80.0,3.0,5,1527.0,0,1,0
1.0,57.0,4.0,4,2160.0,1,1,0
0.0,5.0,2.0,2,1232.0,0,0,0
0.0,78.0,4.0,4,1819.0,0,0,0
1.0,47.0,1.6666666666666667,3,540.0,0,0,0
0.0,105.0,3.0,1,1316.0,0,0,0
1.0,20.0,1.0,1,2250.0,0,0,0
0.0,78.0,2.0,3,1500.0,1,0,0
1.0,7.0,2.0,2,556.0,0,0,0
1.0,31.0,5.0,5,4518.0,1,1,0
0.0,4.0,3.0,4,1757.0,0,1,0
0.0,17.0,3.0,3,1696.0,1,0,0
1.0,39.0,5.0,7,5056.0,0,1,0
0.0,95.0,3.0,3,1607.0,0,0,0
0.0,92.0,2.0,2,664.0,0,0,1
0.0,10.0,4.0,5,2515.0,0,0,0
1.0,50.0,5.0,6,4050.0,0,1,0
1.0,32.0,5.0,5,1350.0,0,1,0
1.0,31.0,4.0,4,3771.0,0,0,0
0.0,92.0,2.0,2,1300.0,0,0,0
0.0,39.0,3.0,3,2143.0,0,1,0
0.0,107.0,3.0,4,1964.0,0,1,0
1.0,29.0,2.5,8,1350.0,0,1,1
0.0,78.0,3.0,3,1428.0,0,0,0
1.0,57.0,4.0,4,1760.0,0,1,0
0.0,92.0,3.0,3,1800.0,0,1,0
0.0,81.0,3.0,3,1900.0,0,1,0
0.0,95.0,3.0,3,1972.0,0,0,0
0.0,98.0,2.0,2,1231.0,0,0,0
0.0,73.0,3.0,3,2282.0,1,1,0
0.0,18.0,3.0,3,905.0,0,0,0
0.0,10.0,3.0,3,1649.0,0,0,0
0.0,33.0,4.0,3,2488.0,0,1,0
0.0,87.0,2.0,2,1126.0,0,0,0
0.0,54.0,3.0,3,2199.0,0,1,0
0.0,96.0,4.0,4,3108.0,0,1,0
0.0,111.0,2.0,2,744.000768,0,0,0
1.0,50.0,3.0,3,2700.0,0,1,0
1.0,47.0,2.5,4,640.0,0,0,0
0.0,82.0,3.0,3,1958.0,0,0,0
0.0,89.0,2.0,2,1295.0,0,0,0
0.0,10.0,2.0,2,1250.0,0,0,0
0.0,87.0,4.0,3,1765.0,0,1,0
1.0,81.0,4.0,4,2610.0,1,1,1
0.0,53.0,4.0,4,2857.0,0,0,1
1.0,61.0,4.0,4,1440.0,0,1,0
0.0,6.0,2.0,2,1259.0,0,0,0
0.0,73.0,2.0,2,1010.0,1,0,0
0.0,43.0,3.0,3,1738.0,0,0,0
0.0,8.0,3.0,4,1186.0,0,1,0
0.0,17.0,3.0,4,2150.0,0,1,0
0.0,74.0,3.0,3,2882.0,1,1,1
0.0,2.0,4.0,5,2135.0,0,1,0
1.0,0.0,1.25,5,600.0,0,0,0
1.0,39.0,6.0,5,4500.0,0,0,0
0.0,80.0,3.0,3,1765.0,0,0,0
1.0,20.0,3.0,3,2250.0,0,0,0
0.0,6.0,4.0,4,2953.0,0,1,0
0.0,33.0,2.0,2,1109.0,0,0,0
0.0,69.0,4.0,4,2580.0,0,1,0
0.0,28.0,2.0,2,995.0,0,0,0
0.0,35.0,2.0,2,750.0,0,0,0
0.0,9.0,2.0,2,1200.0,0,0,0
0.0,105.0,4.0,4,1920.0,1,1,0
0.0,95.0,3.0,2,1654.0,1,1,1
0.0,68.0,4.0,5,2791.0,0,1,0
1.0,47.0,4.0,3,211.0,0,0,1
0.0,77.0,2.0,2,1130.0,0,0,0
1.0,15.0,5.0,5,8000.0,0,1,0
1.0,57.0,3.0,4,3240.0,1,1,0
0.0,8.0,4.0,6,2131.0,0,1,0
1.0,45.0,10.0,10,3123.0,0,0,0
0.0,75.0,3.0,4,1764.0,0,1,0
0.0,12.0,6.0,4,3951.0,0,0,0
0.0,111.0,3.0,3,1599.0,0,0,0
1.0,30.0,9.0,9,3600.0,0,1,1
0.0,111.0,1.0,1,500.0,0,0,0
1.0,47.0,3.0,3,4950.0,0,0,0
0.0,63.0,4.0,4,2667.0,0,0,0
0.0,95.0,4.0,4,2193.0,0,1,0
1.0,25.0,4.0,4,1845.0,0,0,0
0.0,97.0,3.0,4,2179.0,1,1,0
0.0,82.0,2.0,2,1200.0,0,0,0
0.0,80.0,2.0,2,1222.0,1,0,0
1.0,46.0,2.0,2,900.0,0,1,1
0.0,76.0,3.0,3,1346.0,0,0,1
0.0,27.0,2.0,2,1200.0,0,0,0
0.0,103.0,3.0,3,1929.0,0,1,0
0.0,97.0,2.0,2,1406.0,0,0,1
0.0,101.0,3.0,3,2122.0,0,1,0
0.0,80.0,3.0,5,1527.0,0,1,0
0.0,93.0,2.0,2,1299.0,1,0,0
0.0,1.0,4.0,4,4842.0,1,1,1
1.0,11.0,4.0,5,2430.0,0,1,0
0.0,2.0,3.0,3,2321.0,0,1,0
0.0,103.0,4.0,4,2200.0,0,1,0
1.0,78.0,4.0,3,1800.0,0,0,0
1.0,28.0,3.0,3,2430.0,0,1,0
0.0,77.0,3.0,3,2288.0,0,1,0
0.0,92.0,3.0,3,1989.0,0,0,0
0.0,111.0,2.0,2,1319.0,1,0,0
0.0,93.0,4.0,5,2294.0,0,1,0
0.0,98.0,3.0,3,1746.0,0,0,0
0.0,10.0,2.0,3,1283.0,1,0,0
0.0,98.0,4.0,4,2139.0,1,1,0
0.0,103.0,4.0,4,1900.0,0,0,0
0.0,58.0,3.0,4,1773.0,0,0,1
1.0,25.0,4.0,4,2642.0,0,1,1
0.0,95.0,3.0,2,1588.0,0,0,0
0.0,44.0,3.0,3,1600.0,0,0,0
0.0,69.0,2.0,2,1244.0,1,0,0
0.0,111.0,2.0,2,522.0,0,0,0
0.0,0.0,3.0,3,1758.0,0,0,0
0.0,73.0,3.0,3,2800.0,0,1,0
0.0,111.0,3.0,2,1244.0,0,0,0
0.0,69.0,3.0,3,1592.0,0,0,0
0.0,89.0,3.0,3,1154.0,1,0,0
0.0,6.0,4.0,4,2898.0,0,1,0
0.0,97.0,2.0,2,1173.0,1,0,0
1.0,81.0,4.0,4,5500.0,1,1,1
1.0,64.0,3.0,4,1620.0,1,1,1
0.0,96.0,2.0,2,1158.0,0,0,0
1.0,67.0,3.0,3,600.0,0,0,0
0.0,105.0,3.0,2,1175.0,0,0,0
0.0,99.0,3.0,3,1306.0,0,0,0
0.0,97.0,4.0,5,2545.0,0,0,0
1.0,102.0,2.0,2,360.0,0,0,0
0.0,96.0,2.0,2,531.0,0,0,1
0.0,33.0,3.0,4,2000.0,0,1,0
1.0,64.0,5.0,4,2700.0,1,1,0
0.0,83.0,4.0,4,2600.0,0,1,0
0.0,8.0,2.0,2,1539.0,0,0,0
0.0,44.0,3.0,3,1373.0,1,0,0
0.0,98.0,3.0,3,1500.0,0,0,0
0.0,101.0,3.0,3,1944.0,1,0,0
0.0,107.0,3.0,2,716.0,0,0,0
0.0,8.0,1.0,1,778.0,0,0,0
0.0,44.0,2.0,2,644.0,0,0,0
0.0,111.0,2.0,2,1131.0,1,0,0
0.0,103.0,3.0,3,1562.0,0,0,0
0.0,111.0,2.0,2,577.0,0,0,0
0.0,101.0,2.0,2,1103.0,0,0,0
1.0,57.0,5.0,6,3000.0,0,0,0
0.0,10.0,3.0,3,1500.0,0,1,0
0.0,93.0,2.0,2,1299.0,1,0,0
0.0,96.0,2.0,2,1026.0,1,0,1
1.0,79.0,3.0,3,1440.0,0,0,0
0.0,44.0,4.0,3,1983.0,1,0,0
0.0,39.0,2.0,2,103.0,0,0,0
0.0,78.0,4.0,3,1826.0,0,0,0
0.0,4.0,3.0,4,1605.0,0,1,0
0.0,111.0,2.0,2,564.0,0,0,0
0.0,9.0,1.0,1,318.0,0,0,0
1.0,25.0,8.0,6,3240.0,1,1,1
1.0,31.0,4.0,3,1800.0,0,0,1
0.0,67.0,2.0,2,944.0,0,0,0
0.0,73.0,2.0,2,1358.0,0,0,0
0.0,105.0,4.0,3,2040.0,0,0,0
0.0,101.0,3.0,3,1064.0,0,0,1
0.0,4.0,3.0,4,2334.0,1,1,0
0.0,92.0,3.0,4,1893.0,0,1,0
0.0,81.0,2.0,2,1400.0,0,0,0
0.0,6.0,3.0,4,1669.0,0,1,0
0.0,92.0,3.0,4,1900.0,0,1,0
0.0,4.0,4.0,4,1957.0,0,0,0
0.0,2.0,3.0,2,1502.0,0,0,0
0.0,10.0,3.0,4,4600.0,1,0,0
0.0,103.0,4.0,4,2861.0,1,0,0
0.0,80.0,3.0,4,1765.0,0,1,1
0.0,44.0,3.0,3,1185.0,0,0,0
0.0,97.0,2.0,2,1604.0,0,0,0
1.0,31.0,4.0,4,4500.0,0,1,1
0.0,89.0,3.0,4,2050.0,0,0,0
0.0,82.0,2.0,2,600.0,0,0,0
1.0,26.0,5.0,5,120.0,0,0,0
0.0,69.0,3.0,3,1137.0,0,0,0
0.0,96.0,3.0,3,1561.0,0,0,0
0.0,5.0,4.0,5,2416.0,0,1,0
0.0,34.0,3.0,3,1000.0,0,0,0
0.0,4.0,3.0,3,2200.0,1,1,0
0.0,107.0,2.0,2,661.0,0,0,0
0.0,105.0,2.0,2,846.0,0,0,0
1.0,25.0,4.0,4,1557.0,0,0,1
0.0,74.0,2.0,2,1048.0,0,0,0
0.0,17.0,3.0,4,1930.0,0,1,0
0.0,104.0,2.0,2,1148.0,0,0,1
0.0,63.0,1.0,1,543.0,0,0,0
0.0,10.0,3.0,3,1711.0,0,0,1
0.0,16.0,4.0,6,3655.35,0,1,0
0.0,10.0,2.0,2,1505.0,0,0,0
0.0,15.0,4.0,5,2650.0,0,1,0
0.0,91.0,3.0,4,1922.0,0,1,0
0.0,87.0,3.0,4,1833.0,0,1,0
0.0,97.0,2.0,2,1200.0,1,1,1
0.0,11.0,3.0,2,1701.0,0,0,0
0.0,87.0,3.0,3,1602.0,0,0,0
1.0,49.0,1.0,1,1200.0,0,0,0
0.0,76.0,2.0,2,778.0,0,0,0
0.0,68.0,3.0,3,2400.0,0,1,0
0.0,39.0,2.0,2,1492.0,1,0,0
0.0,43.0,3.0,3,1647.0,0,0,0
0.0,83.0,4.0,5,2701.0,0,1,0
1.0,79.0,3.0,2,900.0,0,0,0
0.0,96.0,3.0,3,1833.0,0,1,0
0.0,8.0,3.0,3,1145.0,1,0,0
0.0,11.0,4.0,1,3008.0,0,0,0
0.0,54.0,5.0,6,7444.0,1,1,0
0.0,25.0,2.0,2,1281.0,0,0,0
0.0,4.0,3.0,4,1315.0,0,1,0
0.0,97.0,2.0,2,1730.0,0,0,0
0.0,77.0,4.0,4,1809.0,0,0,0
0.0,101.0,2.0,2,1105.0,0,0,0
0.0,75.0,3.0,3,2047.0,0,0,0
1.0,45.0,2.333333333333333,7,900.0,1,0,1
0.0,98.0,3.0,3,1747.0,0,1,0
0.0,10.0,2.0,3,1161.0,0,1,0
0.0,97.0,4.0,4,1575.0,0,0,0
0.0,59.0,3.0,3,1800.0,0,0,0
0.0,95.0,3.0,3,1468.0,0,0,0
0.0,17.0,5.0,4,2956.0,0,0,0
0.0,92.0,4.0,4,3700.0,1,1,0
0.0,111.0,2.0,2,743.0,0,0,0
1.0,79.0,2.0,2,1440.0,0,0,0
0.0,57.0,3.0,4,2450.0,0,1,0
1.0,94.0,5.0,6,5140.0,0,0,0
0.0,9.0,3.0,2,717.0,0,0,0
0.0,97.0,4.0,5,2545.0,0,0,0
0.0,89.0,3.0,3,1656.0,0,0,0
0.0,111.0,2.0,2,1045.0,0,0,0
0.0,99.0,2.0,2,1380.0,1,0,0
0.0,60.0,3.0,3,2892.0,0,0,0
1.0,25.0,2.0,2,583.0,0,0,0
1.0,18.0,3.0,3,900.0,0,0,0
0.0,43.0,3.0,3,1500.0,0,0,0
0.0,99.0,3.0,3,2296.0,0,1,0
0.0,86.0,3.0,3,1774.0,0,1,0
0.0,18.0,3.0,3,995.0,0,0,0
0.0,95.0,3.0,3,1618.0,0,0,1
0.0,105.0,4.0,3,2040.0,1,1,0
0.0,10.0,3.0,2,1550.0,0,1,0
0.0,103.0,3.0,3,1817.0,0,1,0
0.0,81.0,3.0,3,1900.0,0,1,0
0.0,92.0,1.0,1,366.0,0,0,0
0.0,92.0,3.0,4,2407.0,0,1,0
0.0,95.0,3.0,3,1618.0,0,0,0
1.0,6.0,3.0,3,900.0,0,0,0
0.0,10.0,3.0,3,1275.53,1,0,0
0.0,111.0,2.0,2,640.0,0,0,0
0.0,108.0,2.0,2,1235.0,0,0,0
0.0,8.0,3.0,3,2450.0,0,0,0
0.0,4.0,3.0,3,1465.0,0,0,1
0.0,105.0,3.0,3,1221.18,0,0,0
0.0,73.0,3.0,3,2380.0,0,1,0
0.0,107.0,2.0,2,716.0,1,0,0
1.0,11.0,4.0,5,2430.0,0,1,0
0.0,75.0,3.0,4,2134.0,0,1,0
0.0,9.0,2.0,2,544.0,0,0,0
0.0,97.0,2.0,2,1426.0,0,0,1
0.0,96.0,2.0,2,1086.0,0,0,0
1.0,50.0,9.0,9,2700.0,1,1,0
0.0,9.0,2.0,2,608.0,0,0,0
0.0,39.0,2.0,2,1385.0,0,0,0
0.0,78.0,3.0,3,1428.0,0,0,0
1.0,79.0,4.0,2,1575.0,0,0,0
0.0,78.0,4.0,4,1783.0,0,0,0
0.0,97.0,4.0,5,2390.0,0,1,0
0.0,9.0,3.0,3,1758.0,0,0,0
0.0,98.0,3.0,3,1747.0,0,0,0
0.0,94.0,2.0,2,1000.0,0,0,0
0.0,103.0,3.0,4,1679.0,0,1,1
0.0,59.0,1.0,1,278.0,0,0,0
0.0,7.0,3.0,2,1111.0,0,0,0
0.0,85.0,2.0,2,1281.0,0,0,0
1.0,62.0,3.0,3,1620.0,1,1,0
0.0,89.0,2.0,2,1578.0,0,0,0
0.0,97.0,2.0,3,1420.0,0,0,0
0.0,82.0,3.0,3,1466.0,0,0,0
0.0,11.0,3.0,3,1579.0,0,0,0
0.0,105.0,4.0,4,1893.0,0,0,0
0.0,89.0,3.0,4,1946.0,0,0,0
1.0,18.0,5.0,5,1350.0,0,0,0
0.0,98.0,3.0,3,1900.0,0,0,0
1.0,7.0,3.0,3,1125.0,0,0,0
0.0,43.0,1.0,1,669.0,0,0,0
0.0,96.0,3.0,3,1750.0,0,0,0
0.0,72.0,3.0,3,1350.0,0,0,0
0.0,51.0,4.0,4,3194.0,0,1,0
1.0,47.0,3.0,3,76.0,0,0,0
0.0,73.0,3.0,3,1493.0,1,1,0
0.0,80.0,4.0,5,2172.0,0,1,0
0.0,74.0,4.0,4,2501.0,0,1,0
0.0,89.0,3.0,4,2152.0,0,1,0
0.0,83.0,3.0,4,2185.0,0,1,0
0.0,11.0,3.0,3,2000.0,0,0,0
0.0,98.0,3.0,3,1746.0,0,0,0
0.0,97.0,2.0,2,1380.0,0,0,1
0.0,25.0,2.0,2,1100.0,0,0,0
0.0,10.0,3.0,4,1500.29,0,1,0
0.0,81.0,2.0,2,1449.0,0,0,0
0.0,80.0,3.0,5,1527.0,0,1,0
0.0,74.0,4.0,5,2100.0,0,1,0
0.0,17.0,3.0,2,1420.0,0,0,0
0.0,80.0,3.0,3,1865.0,0,0,0
0.0,89.0,3.0,3,1212.0,1,0,0
0.0,111.0,2.0,2,590.0,0,0,0
0.0,63.0,3.0,2,1275.0,0,0,0
0.0,97.0,2.0,2,1660.0,0,0,0
1.0,79.0,4.0,5,330.0,0,0,0
1.0,112.0,3.0,3,9000.0,0,0,0
0.0,92.0,2.0,2,1000.0,0,0,0
0.0,98.0,2.0,2,1231.0,0,0,0
0.0,6.0,2.0,2,1403.0,0,0,0
1.0,74.0,4.0,4,2115.0,0,1,1
0.0,61.0,3.0,3,2000.0,0,0,0
0.0,85.0,2.0,2,1250.0,0,0,1
0.0,101.0,3.0,3,1581.0,1,0,0
0.0,78.0,4.0,4,1819.0,0,0,0
0.0,14.0,4.0,5,3000.0,0,1,0
1.0,57.0,4.0,5,2160.0,1,1,0
0.0,5.0,3.0,4,3716.0,1,1,0
1.0,36.0,1.0,1,1500.0,0,0,0
0.0,1.0,2.0,2,1028.0,0,0,0
0.0,111.0,2.0,2,828.0,0,0,0
0.0,92.0,3.0,4,2090.0,0,1,0
1.0,11.0,4.0,4,2430.0,0,1,0
1.0,33.0,4.0,4,2700.0,1,0,0
1.0,54.0,3.0,3,3240.0,1,1,0
0.0,43.0,3.0,3,2211.0,0,1,0
1.0,11.0,3.0,4,2150.0,0,0,0
0.0,78.0,3.0,3,1640.0,0,0,0
0.0,11.0,3.0,3,1910.0,0,1,0
0.0,96.0,3.0,3,1833.0,0,0,0
0.0,55.0,3.0,3,2061.0,1,0,0
0.0,39.0,2.0,2,1539.0,0,0,0
0.0,97.0,3.0,3,1436.0,0,0,0
0.0,15.0,4.0,5,2670.0,0,1,0
0.0,2.0,3.0,3,2070.0,0,1,0
0.0,78.0,4.0,4,1819.0,0,0,0
0.0,103.0,4.0,4,2139.0,0,1,0
1.0,20.0,5.0,5,2778.0,0,0,0
0.0,44.0,4.0,3,2000.0,0,0,0
0.0,86.0,3.0,3,1628.0,0,0,0
0.0,73.0,4.0,4,2194.0,1,1,0
0.0,43.0,2.0,2,1578.0,0,1,0
1.0,19.0,2.0,2,1426.0,1,0,0
1.0,18.0,2.0,4,675.0,0,0,0
1.0,64.0,6.0,6,2700.0,1,1,1
0.0,61.0,3.0,3,2119.0,0,1,0
0.0,11.0,3.0,3,1896.0,0,1,0
0.0,111.0,2.0,2,750.0,0,0,0
0.0,111.0,2.0,2,681.0,0,0,0
0.0,111.0,2.0,2,644.0,0,0,0
1.0,53.0,3.0,3,275.0,0,0,0
0.0,70.0,4.0,6,3933.0,0,1,0
0.0,87.0,3.0,4,1810.0,1,1,0
1.0,57.0,5.0,5,3240.0,0,1,0
0.0,103.0,2.0,2,1224.0,1,0,0
0.0,93.0,2.0,2,1150.0,0,0,0
0.0,63.0,4.0,4,2900.0,0,0,0
0.0,92.0,3.0,4,1903.0,0,1,0
0.0,39.0,3.0,3,1444.0,0,0,0
0.0,98.0,3.0,3,1780.0,1,0,0
0.0,80.0,3.0,4,1586.0,0,1,0
0.0,111.0,2.0,2,640.0,0,0,0
0.0,29.0,3.0,4,3201.0,0,1,1
0.0,76.0,2.0,2,657.0,0,0,0
0.0,6.0,3.0,4,2359.0,0,1,0
0.0,111.0,2.0,2,602.0,0,0,0
0.0,25.0,3.0,4,1738.0,0,1,0
1.0,49.0,2.5,9,1620.0,1,1,0
1.0,57.0,4.0,4,3240.0,0,1,0
0.0,33.0,3.0,3,2983.0,0,1,0
1.0,28.0,4.0,4,3078.0,0,0,0
0.0,15.0,3.0,4,2005.0,1,1,1
0.0,15.0,3.0,3,1538.0,0,0,0
0.0,78.0,3.0,3,1428.0,0,0,0
0.0,27.0,2.0,2,1285.0,0,0,0
0.0,111.0,3.0,2,1210.0,0,0,0
0.0,14.0,2.0,2,556.0,0,0,0
0.0,50.0,3.0,3,1320.0,0,0,0
0.0,82.0,3.0,3,1541.0,0,1,0
0.0,63.0,4.0,4,2081.0,0,0,0
0.0,17.0,2.0,2,1090.0,0,0,0
0.0,86.0,3.0,4,2111.0,0,1,0
0.0,111.0,2.0,2,1154.0,0,0,0
0.0,0.0,3.0,4,3094.0,0,0,0
0.0,80.0,3.0,3,1527.0,1,1,0
0.0,97.0,2.0,2,1380.0,0,0,1
0.0,44.0,4.0,3,2100.0,0,0,0
0.0,77.0,2.0,2,1127.0,0,0,0
0.0,61.0,4.0,3,1900.0,0,0,0
0.0,105.0,4.0,3,1719.0,0,0,0
0.0,6.0,3.0,4,2072.0,1,1,1
0.0,109.0,3.0,3,1810.0,0,0,0
1.0,79.0,1.6666666666666667,4,1102.0,0,0,0
0.0,10.0,2.0,2,1548.0,0,0,0
0.0,97.0,2.0,2,1190.0,0,1,1
0.0,5.0,3.0,3,1671.0,1,0,0
1.0,92.0,3.0,2,1095.0,1,0,0
0.0,111.0,1.0,1,438.0,0,0,0
0.0,44.0,2.0,2,1242.0,0,0,0
0.0,95.0,3.0,3,1537.0,0,0,1
0.0,27.0,3.0,5,2796.0,0,1,0
0.0,107.0,2.0,2,670.0,0,0,0
0.0,80.0,3.0,3,1527.0,0,1,0
0.0,69.0,3.0,4,1174.0,0,1,0
1.0,26.0,3.0,2,594.0,0,0,0
0.0,97.0,3.0,4,2179.0,0,0,1
0.0,105.0,4.0,3,1983.0,0,0,0
0.0,63.0,3.0,3,1800.0,0,1,0
0.0,34.0,2.0,1,611.0,0,0,0
0.0,50.0,4.0,4,2712.0,0,1,0
0.0,97.0,2.0,2,1263.0,0,0,0
0.0,83.0,4.0,5,2629.0,0,1,0
0.0,75.0,2.0,2,889.0,0,0,0
1.0,54.0,4.0,4,3240.0,0,1,0
0.0,11.0,3.0,3,2419.0,0,0,0
0.0,43.0,2.0,3,1428.0,1,0,0
0.0,107.0,2.0,2,1364.0,0,0,0
0.0,97.0,3.0,4,1616.0,0,1,0
1.0,63.0,5.0,5,1449.0,0,0,0
0.0,86.0,3.0,3,1597.0,0,0,0
0.0,44.0,3.0,3,1500.0,0,0,0
0.0,5.0,2.0,2,1080.0,1,0,0
0.0,74.0,3.0,4,1850.0,0,1,0
0.0,8.0,3.0,4,1186.0,0,1,0
0.0,41.0,3.0,3,2297.0,0,0,0
1.0,22.0,8.0,8,4050.0,1,0,0
0.0,96.0,2.0,2,1018.0,0,0,0
0.0,98.0,3.0,3,1747.0,0,1,0
0.0,105.0,4.0,3,1765.0,0,0,0
0.0,105.0,3.0,2,1175.0,0,0,0
0.0,86.0,2.0,2,665.0,0,0,0
1.0,44.0,5.0,5,1900.0,0,0,0
0.0,93.0,3.0,4,1620.0,0,1,0
0.0,64.0,3.0,2,273.0,0,0,0
0.0,39.0,3.0,2,1730.0,0,0,0
0.0,2.0,3.0,3,2944.0,0,1,0
0.0,60.0,3.0,4,2683.0,1,0,0
0.0,44.0,3.0,3,1692.0,0,0,0
0.0,25.0,1.0,1,588.0,0,0,0
1.0,11.0,4.0,5,2430.0,1,1,1
0.0,97.0,2.0,2,1934.0,0,0,0
0.0,111.0,2.0,2,640.0,0,0,0
1.0,32.0,9.0,9,3042.0,1,1,1
0.0,111.0,2.0,2,1131.0,1,0,0
0.0,8.0,2.0,2,940.0,0,0,0
1.0,67.0,4.0,4,480.0,0,0,0
0.0,96.0,2.0,2,532.0,0,0,0
1.0,11.0,5.0,5,6228.0,1,1,1
0.0,25.0,1.0,1,665.0,0,0,0
1.0,50.0,5.0,6,5490.0,1,1,1
0.0,77.0,3.0,3,1845.0,0,0,0
